department,title,date,link,context,images
도시공학과,[공지][동문회] 동문 근조기 관련,23.04.07,https://urban.yonsei.ac.kr/urban/notice/notice.do?mode=view&articleNo=163767&article.offset=0&articleLimit=10,"연세대학교 도시공학과에서는 동문들의 부고 소식이 있을 경우 학과의 근조기를 식장으로 원활하게배송할 수 있도록 아래 업체와 협력을 시작했습니다.근조기 배달비용은 개별 신청자 부담이며, 연세대학교 도시공학과 동문일 경우 누구나 신청 가능합니다.근조기의 경우 이전 접수된 건이 많을 경우 배송이 불가할 수 있습니다.많은 이용 바랍니다.<결제 및 배송 관련 문의>- 업 체: 다이아몬드 플래그(슈빅)- 연락처: 1544-6782 / 02-499-4994 / 010-7181-9980 (문자수신전용)- e-mail: flag@shuvic.co.kr",
도시공학과,[학부] [장학] 2025년도 해동장학생 선발 안내,24.11.27,https://urban.yonsei.ac.kr/urban/notice/notice.do?mode=view&articleNo=215732&article.offset=0&articleLimit=10,- 관련 문의: 공과대학 행정1팀 김희정 선생님(02-2123-5734)- 서류 제출: HJ07@YONSEI.AC.KR- 제출 기한: 2025년 1월 7일(화),image\GsUixkulOiEnCdCsGiiQ0.png
도시공학과,[대학원] 일반대학원 학위논문 표절 검사 필수(의무) 시행 안내,24.11.21,https://urban.yonsei.ac.kr/urban/notice/notice.do?mode=view&articleNo=215486&article.offset=0&articleLimit=10,일반대학원 학위논문 표절 검사 필수(의무) 시행 안내1. 관련근거 : 일반대학원 학위논문에 관한 내규 제9조(학위논문심사)2. 제출대상 : 석·박사 학위논문 제출 예정자3. 시행방법 : 학위논문 본심사 완료 후 제출4. 학과 표절률 기준 :15%5. 제출서류 : 학위논문 표절검사 결과 확인서(붙임1 참조)6. 제출방법 : 학사포탈시스템에 업로드(붙임2 메뉴얼 참조)7. 제출일정 : 2024. 12. 16(월) ~ 24. 12. 27(금)8.유의사항: 미제출자는 졸업사정이 불가함.,
도시공학과,[학부] [장학] 2025학년도 관정이종환교육재단 장학생 선발 안내,24.11.18,https://urban.yonsei.ac.kr/urban/notice/notice.do?mode=view&articleNo=215265&article.offset=0&articleLimit=10,"가. 추천대상:공과대학 3명나. 추천조건:1) 2025년 1학기에 3학년 1학기 재학예정자2) 전학년 평량평균 3.8/4.3 이상3) 2001.1.1. 이후 출생자4) 편입생 불가다. 장학금액:아래 두 유형 중 택 11) 관정성적우수장학금:6백만원(등록금+생활비, 국가장학금 포함한 모든 타장학금 중복수혜불가)* 수정2) 관정학업장려장학금: 생활비성 장학금 4백만원(국가장학금 또는 교내장학금 중복수혜 가능, 타 외부재단 장학금 중복수혜 불가)라. 제출서류:1) 이름, 소속, 학번, 소득수준, 지원이유, 고등학교성적, 대학교 성적/어학능력, 각종활동 내역 간략기재(자유서식)2) 이후 학교에서 추천된 학생들 대상으로 재단에서 추후 안내(온라인 지원, 증빙서류 제출 등) 예정3) 재단에서 심사 통해 최종적으로 수혜학생 선정될 예정마. 제출기한 및 문의:11월 26일(화) HJ07@YONSEI.AC.KR(02-2123-5734)",
도시공학과,[대학원] 2025학년도 전기 대학원 연세우수장학금Ⅱ 신청 안내,24.11.14,https://urban.yonsei.ac.kr/urban/notice/notice.do?mode=view&articleNo=215103&article.offset=0&articleLimit=10,"2025학년도 전기 대학원 연세우수장학금Ⅱ 신청 안내2025학년도 전기 신입생 중 「대학원 연세우수학생장학금 II」 장학생을 선발할 예정이오니24.12.10.(화)까지 제출서류를 학과(urban@yonsei.ac.kr)로 제출하시기 바랍니다.가. 신청대상(다음 항목을 모두 충족한 신입생)1) 현재 신분이 중앙부처 공무원(사무관급 이상) 및 이에 준하는 자2) 2025학년도 전기 일반대학원 박사과정(통합과정 포함) 신입생3) 지도교수 또는 주임교수 및 학장의 추천을 받은 자나. 신청마감: 2024. 12. 10.(화)다. 장학금 지원 범위: 대학원 입학금 전액 및 정규등록학기 등록금 전액(단, 선발된 학생은 장학금 수혜 기간 중, 매 학기 성적 3.4/4.3 이상 유지 필수)※ 교내 및 외부장학금 중복수혜와 학자금대출 불가※ 장학 기간 내, 매 학기 재직증명서 제출 필수(재직 확인 불가시 장학생 자격 박탈)라. 제출서류1) 장학금 지원서 및 추천서 1부.2) 이력서 및 연구계획서(입학 지원시 제출서류) 각 1부.3) 전학년 성적증명서(학부과정 및 석사과정) 각 1부.4) 재직증명서(최근 3개월 이내 발급분) 1부.마. 기타사항1) 국가고시 합격자일 경우 고시일과 합격일 기재2) 대학원생 폭력예방교육 이수 필수(입학 후 반드시 폭력예방교육 이수 완료 이수증 제출 )바.비고: 심사결과에 따라 선발하지 않을 수 있음.",
도시공학과,[대학원] 24-2학기 학위논문심사(본심사) 안내,24.11.13,https://urban.yonsei.ac.kr/urban/notice/notice.do?mode=view&articleNo=215036&article.offset=0&articleLimit=10,"24-2학기 학위논문심사(본심사) 안내1. 심사운영지침: 대면심사2. 단, 불가피한 사유로 비대면 심사가 필요한 경우에는 반드시 비대면심사 지침과 절차를 준수하여 주시기 바랍니다.가. 심사위원이 해외체류인 경우, 심사대상자가 공동연구를 위해 해외체류인 경우나. 심사위원이 불가피한 사유(질병, 코로나-19 격리 등)으로 인해 대면심사가 불가능한 경우3. 비대면심사 시 제출서류가. 논문심사 전: 비대면심사 시행신청서(붙임2) 제출나. 논문심사 후1) 비대면심사현황 보고(붙임3): 24.12.20(금)까지 제출2) 심사위원은 본심사의견, 점수, 서명기재 스캔본을 심사위원장에게 이메일로 제출,심사위원장은 비대면 심사여부 확인하여 학위논문심사보고서와 증빙자료를 학과에 제출.3) 비대면증빙자료(화상회의 화면 캡쳐본, 이메일, 우편 등)4. 본심사보고서제출마감: 가 or 나 둘중 하나 선택가. 심사위원 학사포탈사이트 직접 입력: 24.12.20(금)까지나. 본심사보고서 원본제출: 24.12.20(금)까지_심사결과, 심사일, 서명또는도장5. 본심사보고서는 4공대 D301호에서 학생이 수령합니다.(대리수령가능)6. 학위논문제목 수정이 필요한 학생은 반드시 학사포탈시스템 통해서 신청하시기 바랍니다.",
도시공학과,[대학원] 24-2학기 대학원 종합시험 안내,24.11.01,https://urban.yonsei.ac.kr/urban/notice/notice.do?mode=view&articleNo=214339&article.offset=0&articleLimit=10,"24-2학기 대학원 종합시험 안내1. 응시자격 :1) 영어시험에 통과한 학생(확인방법 : 성적증명서 오른쪽 상단에 영어시험 통과 날짜 확인)2) 학과 내규에 의해 필수교과목 이수한 학생3)""연구윤리"" 또는 ""공학윤리와 연구방법론"" 이수자2. 접수기간 : 2024. 11. 4(월) ~ 2024. 11. 8(금)3. 접수방법 : 4공대 D301호1) 제출서류 : 학과 응시서류 및 성적증명서, 2024-2학기 수강내역(포탈사이트출력)4. 시험 일정 및 장소1) 종합시험 필기시험 : 24. 12. 6(금) 오후 2시, D507호(변동가능)2) 박사과정 구술평가 : 24. 12. 16(월) 오후 4시(변동가능), S101호박사과정 응시자는 구술시험 전(12. 16(월) 오후 2시) 논문작성 계획서(자유양식)를 총 10부를 학과사무실에 제출5. 기타- 외국어성적 미제출자는 자격기준에 맞는 성적표와 함께 종합시험 응시서류 제출 및 시험 응시 가능합니다.단, 외국어성적 합격처리를 위해 24년 12월에 학과 홈페이지 통해서 공지되는 외국어성적제출 안내에 따라 접수(등록)를 반드시하셔야만 합니다.* 문의사항 : 02-2123-2890",
도시공학과,[학부] [장학] 2024학년도 2학기 DB드림서포트장학생 선발 안내,24.10.24,https://urban.yonsei.ac.kr/urban/notice/notice.do?mode=view&articleNo=213909&article.offset=0&articleLimit=10,"가. 추천대상:공과대학 3명나. 추천조건:1) 학자금 지원구간 2구간 이하2) 전체 평량평균 3.0/4.5 이상(휴학생 제외)3) 학업열의가 높은 학생4) 타 재단 생활비성 장학금을 수혜받지 않는 학생을 추천하는 것을 권장다. 장학금액:생활비성 장학금 250만원라. 제출서류:1) 장학신청서(학생이 DB김준기문화재단 홈페이지에서 온라인 작성 후 출력)2) 추천서(붙임파일, 학과장 또는 지도교수 작성)3) 성적증명서 원본(2024학년도 1학기 포함 전학년 성적, 사진촬영본 X)4) 학자금 지원구간 통지서마. 제출기한:2024년 11월 4일까지 공과대학 행정1팀(제1공학관 N601호) 김희정 선생님에게 원본 제출",
도시공학과,[학부] [안내] 한국공학한림원 차세대공학리더(YEHS) 선발 안내,24.10.23,https://urban.yonsei.ac.kr/urban/notice/notice.do?mode=view&articleNo=213771&article.offset=0&articleLimit=10,"게시글 내용[지원자격]- 3학년이하 학생- 활동의지가 있는 학생(다양한 프로그램 참여 필요)[제출자료]- 학생신청 서식(붙임파일)- 개인정보수집이용동의서(붙임파일)- 성적증명서[제출일정]- 기한:~2024년 11월 1일(금) 15시까지- 제출처: HJ07@yonsei.ac.kr추천 학생 중 공과대학에서 최종 3인이 선발될 예정입니다.선발된 학생은 하기 NAEK Forum에 초청받고 공학한림원 회원분들 앞에서 인증서를 받게됩니다.[제276회 NAEK FORUM]- 일 시: 2024. 11. 18(월), 17:00- 장 소: 양재 엘타워 7층 '그랜드홀'- 주 제: 혁신허브 코리아의 전진기지, 창업대학- 연 사: 정형일 (주)주빅 창업자/연세대학교 교수",
도시공학과,[학부] [안내] 2025학년도 1학기 캠퍼스내 소속변경 전형 안내,24.10.17,https://urban.yonsei.ac.kr/urban/notice/notice.do?mode=view&articleNo=213421&article.offset=0&articleLimit=10,"1. 모집 학과◼ 지원가능 현황표에서 확인◼ 일반 학과(전공) 학생의 예・체능계열, 언더우드국제대학 모든 학과, 시스템반도체공학과, 디스플레이융합공학과, 의과 대학, 치과대학, 간호대학, 약학대학으로의 소속변경은 불허함2. 지원 자격 및 범위◼ 당초입학생에 한하여 지원 가능◼ 제1전공이 승인된 학생(휴학생 지원 가능) 중에서 3학기 이상 이수한 2학년 또는 6학기 이수 전인 3학년 재학생 및 휴학생에 한하여 지원 가능※ 3학년(6학기 이수자) 과정을 이수한 재학생이나 휴학생은 지원할 수 없음※ 예·체능계열 입학자 및 시스템반도체공학과, 디스플레이융합공학과 학생은 소속변경 지원 불가함◼ 현 소속학과의 전공과목 중 최소 9학점 이상 이수한 자에 한하여 지원 가능3. 전형 방법1) 1차 심사◼ 소속학과 전공과목 9학점 이상 이수 여부 및 소속학과·대학의 1차 심사 종합의견 심의2) 2차 심사◼ 지원 대학·학과에서 서류 심사 후 면접대상자 선정(단 지원대상자의 면접 기회를 부여하기 위해 지원인원의 50%이상 면접을 원칙으로 함)◼ 서류 심사 합격자 대상 면접 심사 진행(필요에 따라 실기 및 필기시험 부과)4 . 전형 일정1) 신청기간: 2024. 10. 28.(월) ~ 11. 1.(금) 오후 5시2) 신청방법◼ 연세포탈서비스(http://portal.yonsei.ac.kr) 접속 후 로그인◼ 학사정보시스템 → 학사행정 → 학적 → 학생 → 캠퍼스내 소속변경신청◼ 소속변경 신청 화면에서 소속변경 사유 및 학업계획을 작성하고 저장3) 면접대상자 발표: 2024. 11. 14.(목) 오전 10시* 연세포탈서비스 로그인 → 학사행정 → 학적 → 학생 → 캠퍼스내 소속변경신청 메뉴 → 진행상태에서 확인4) 2차 면접심사 일정 및 장소: 2024. 11. 19.(화)* 면접 심사는 대면면접을 원칙으로 합니다.* 연세포탈서비스 로그인 → 학사행정 → 학적 → 학생 → 캠퍼스내 소속변경신청 메뉴 → 면접안내정보에서 확인5) 최종 합격자 발표: 2024. 11. 29.(금)* 연세포탈서비스 로그인 → 학사행정 → 학적 → 학생 → 캠퍼스내 소속변경신청 메뉴 → 최종심사결과에서 확인5. 유의사항1) 소속변경에 합격하더라도 학번은 변동되지 않음2) 당초입학생이 아닌 편입생(일반,학사,군위탁), 졸업예정자 복수전공생은 소속변경을 지원할 수 없음 2) 소속변경 지원서 접수 후 취소가 불가하여 신중히 지원여부를 결정하여야 함4) 소속변경 합격 후에는 취소가 불가함5) 소속변경 합격자는 전입한 학과에서 지정한 교과과정을 이수하여야 함 6) 소속변경생은 최우등·우등졸업 대상에서 제외됨7) 글로벌인재대학으로의 소속변경은 반드시 희망 학과를 선택하여 신청해야함",
도시공학과,[학부] [안내] (사) 한국이공학진흥원 (IPESK) ‘차세대 공학자’ 모집 안내,24.10.08,https://urban.yonsei.ac.kr/urban/notice/notice.do?mode=view&articleNo=212839&article.offset=0&articleLimit=10,"게시글 내용사단법인 한국이공학진흥원(Institute for Promotion of Engineering and Science of Korea, IPESK)에서는 공학계열 단과대학의 발전과 공학교육 활성화 및 우수한 공학자 육성을 위해 글로벌 연구중심 대학에 재학 중인 우수한 학생을 추천받아 IPESK 차세대 공학자로 인증하고자 합니다.IPESK 차세대 공학자로 인증받은 학생에게는 대기업 취업설명회 초청, 취업 시 우대 등 다양한 혜택을 제공하고자 합니다.IPESK 차세대 공학자에 관심있는 학생은 기한 내 신청해주시기 바랍니다.가.신청 기한 및 장소 :2024년 10월 17일(목) 14:00까지 제4공학관 D301호 학과 사무실로 제출나. IPESK 차세대 공학자 추천 요건1) 글로벌 연구중심 대학에 재학중인 학생 중 학장의 추천을 받은 자2) 해당 학과(전공)에서 전공 60학점* 이상 이수한 학생* 60학점에는 추천 학기 기준, 수강 신청한 학점도 포함3) 성적이 4.5 만점에 3.3이상인 학생(또는 4.3 만점에 3.1 이상인 학생)다.제출서류:1) 성적증명서, 개인정보 수집·이용 및 제공동의서(붙임 3. 양식)",
도시공학과,[대학원] 24-2학기 학위논문 예비심사 안내,24.10.02,https://urban.yonsei.ac.kr/urban/notice/notice.do?mode=view&articleNo=212541&article.offset=10&articleLimit=10,"24-2학기 학위논문 예비심사 안내1. 심사원칙: 대면심사2. 단, 불가피한 사유로 비대면 심사가 필요한 경우, 반드시 비대면심사 지침과 절차를 준수하여 주시기 바랍니다.가. 심사위원이 해외체류이거나 심사대상자가 공동연구를 위해 해외 체류인경우나. 심사위원이 불가피한 사유(질병, 코로나-19 격리 등)으로 인해 대면심사가 불가능한 경우3. 비대면심사 시 제출서류가. 논문심사 전: 비대면심사 시행신청서(붙임2) 제출나. 논문심사 후1) 비대면심사현황 보고(붙임3) 제출: 10.25(금)까지2) 심사위원이 예비심사의견(합격 또는 불합격)을 심사위원장에게 이메일로 제출,심사위원장은 비대면 심사여부 확인하여 증빙과 비대면심사결과를 학과에 제출.3) 비대면증빙자료(화상심사 화면 캡쳐본, 심사위원의 이메일, 우편 등)4. 심사일정: ~ 10. 25(금)까지5.예비심사보고서는 학과에서 지도교수님께 직접 배부합니다.(학생 수령 불가)",
도시공학과,[대학원] 2024-2학기 대학원 수강철회 신청 안내,24.09.30,https://urban.yonsei.ac.kr/urban/notice/notice.do?mode=view&articleNo=212381&article.offset=10&articleLimit=10,"2024-2학기 대학원 수강철회 신청은 온라인 방식으로 시행합니다.2024-2학기 수강신청 과목 중 부득이한 사유로 계속 수강할 수 없는 경우는 다음의 안내에 따라 지정된 기간에 철회하시기 바랍니다.대학원 수강철회는 학부 일정과 상이하며, 대학원생은 대학원 수강철회 기간에만 과목 철회가 가능합니다.학부보충과목의 경우에도 대학원 수강철회 기간에만 철회가 가능하니 유의하시기 바랍니다.1. 수강철회 절차:연세포털서비스에서 학생이 직접 온라인으로 철회를 신청학사정보시스템→학사행정→수업→수강철회신청Go to Yonsei Portal Service(http://portal.yonsei.ac.kr) → Academic Information System→ Academic Information → Courses → Application for withdrawal of course2. 수강철회 기간:2024. 10. 7.(월) 10:00 ∼ 2024. 10. 10.(목) 23:59Application Period: October 7(Mon.) 10:00AM ∼ October 10(Thu.) 23:59PM3. 신청시 유의사항 (Remarks)1) 수강과목 철회 후 다른 과목으로 대체 수강신청 할 수 없으며, 신청과목이 최소 1과목 이상 남아 있어야 합니다.At least one course needs to remain registered after the withdrawal.In addition, a withdrawn course is not replaceable by another class.2) 철회한 과목은 성적평가에서 제외되며, 성적표 상에는 ＂W＂(Withdraw)로 기재됩니다.철회한 교과목을 재수강하더라도 기록은 삭제되지 않습니다.Although a withdrawn class has no effect on the GPA, 'W' (withdrawal) will appear as a remark for every withdrawn class in the official transcript.'W' will still be reflected even if you retake the class.3) 수강철회 후 반드시 학사포탈 내 수강신청 내역 메뉴에서 확인하시기 바랍니다.(학사정보시스템→학사행정→수업→수강신청 내역)After withdrawing from a course during the designated period, verify that the course has indeed beenwithdrawn by checking the course enrollment list on the Yonsei Portal System.4) 수강을 철회한 교과목에 대한 등록금은 반환되지 않습니다.Tuition fees will not be refunded even if you withdraw from a course.5) 학부보충과목 철회는 대학원 수강철회 기간 중에만 가능합니다.Withdrawal of supplementary courses is only possible during the withdrawal period of graduate school.연세대학교 대학원Yonsei University Graduate School",
도시공학과,[대학원] 2024학년도 2학기 대학원 혁신 우수논문상 공모 안내,24.09.30,https://urban.yonsei.ac.kr/urban/notice/notice.do?mode=view&articleNo=212378&article.offset=10&articleLimit=10,"2024학년도 2학기 대학원 혁신 우수논문상 공모 안내가. 우수논문 공모 및 추천1) 학술논문(24-2학기 재학생 대상): 최근 1년 이내에 게재완료(online published 상태까지만 지원가능)된 논문(2023.9.1.~ 2024.8.31.)※ 지원 학생이 제1저자 또는 교신저자로 참여한 논문※ 현재 재학중인 학위과정 내 해당 논문을 게재한 경우에만 해당2) 학위논문(졸업생 대상): 2023년 2월 및 2024년 8월 졸업 학위논문나. 제출 서류(※ 제출서류 파일명: 이름_학번)① 학과자체평가개요(서식 I) 1부 / 학과 우수논문상 추천 심사보고서(서식 II) 1부 / 우수논문신청(엑셀파일)(학과자체평가를 위한 기초 서류)② 지도교수 추천서 1부(서식 III)③ 피추천자 연구업적 내용 1부(서식 IV)④ 피추천자 연구업적 통계 1부(서식 V)⑤ 논문표절 검사 결과지(표절률 10% 초과시 사유서 제출)- 카피 킬러 (CopyKiller)를 통해 논문표절 검사 후 제출, 검사 시 심사대상인 해당 논문만 제외하여 검사⑥ 논문요약 1부 (A4 1페이지 분량): 지정된 서식 없음⑦ 논문 1부다. 제출마감 : 2024. 10. 18.(금)라. 우수논문 지원 서식은 대학원 홈페이지 '학사안내 및 다운로드' 에서 다운기타 자세한 사항은 02.2123.2890",
도시공학과,[학부] [장학] 2024학년도 2학기 삼공장학재단 장학생 추천 안내,24.09.27,https://urban.yonsei.ac.kr/urban/notice/notice.do?mode=view&articleNo=212310&article.offset=10&articleLimit=10,"가. 추천대상:공과대학생 3명나. 추천인원:3명다. 자격조건:1) 학자금 지원구간 6구간 이하2) 직전학기 12학점 이상 이수 및 백분율 점수 80점 이상*해당 학생 없을 시 백분위 점수 70점 이상 학생 선발 가능라. 장학금액:등록금 전액마. 제출서류:1) 장학생 추천서(붙임파일)2) 장학금 신청서(붙임파일 2)3) 가족관계증명서(보호자 명의로 발급, 상세로 발급)4) 주민등록등본(보호자 명의로 발급, 주민등록번호 뒷자리 미표시)5) 학자금 지원구간통지서6) 성적증명서 원본바. 제출기한:2024년 10월 4일 금요일 14시까지공과대학 행정1팀(제1공학관 N601호) 장학 담당자 現 김희정 선생님에게 제출",
도시공학과,[대학원] 2024학년도 2학기 가계 곤란 장학금 신청 안내,24.09.25,https://urban.yonsei.ac.kr/urban/notice/notice.do?mode=view&articleNo=212025&article.offset=10&articleLimit=10,"2024학년도 2학기 가계 곤란 장학금 신청 안내1. 개요가. 장학금명: 가계 곤란 장학금(Need-based Fellowship)나. 대상자:내국인 정규등록학기 재학생 중 기초생활수급자* 미래캠퍼스/치과대학/간호대학/계약학과/전문연구요원/휴학생 제외* 의과대학은 협동과정만 해당다. 지원내역: 1인당3백만원* 해당 장학금은 Fellowship 장학금으로 기타 장학금과 별도로 지원라. 지원기간: 해당 학기(1개 학기)2. 신청 절차 및 선발 기준가. 신청 절차: 학생 본인이 제출 서류 첨부하여대학원 이메일(ysgrad@yonsei.ac.kr)로 신청(대리 신청 불가)나. 제출 서류1) 장학금 신청서 1부2) 기초생활수급자 증명서 원본 1부(2024년도 이후 발급분)3) 가족관계증명서 원본 1부(본인이 수급자가 아닌 경우)* 수급자 증명서 명의가 본인이 아닌직계가족 명의일 경우 가족관계증명서1부 추가 제출* 제출 서류에 주민등록번호가 있는 경우, 뒷자리는***로 발급받거나,반드시 뒷자리를 지우고 제출다. 선발 기준1) 대상자 조건(기초생활수급자) 및 서류 진위 여부 검토 후 선발2) 선발 가능 인원 초과시, 대학원 심사를 거쳐 최종 선발3. 선발 일정구분2024학년도 2학기장학금 신청 접수(학생 → 대학원 이메일 신청)9. 25.(수) ~ 10. 2.(수)장학생 선발10월 중장학생 선발 결과 안내(학생 연세포털 등재 이메일 개별 안내)10월 말장학금 지급11월 초붙 임 장학생 신청서 1부",
도시공학과,[학부] [장학] 2024학년도 2학기 원장재단 장학생 선발 안내,24.09.23,https://urban.yonsei.ac.kr/urban/notice/notice.do?mode=view&articleNo=211691&article.offset=10&articleLimit=10,"1. 선발인원 :공과대학 1명2. 추천조건:1) 2024학년도 2학기 기준 소득분위 8분위 이하2) 직전학기 12학점 이상 이수3) 소득분위가 낮은 학생들 중 성적이 높은 학생3. 장학금액:생활비성 장학금 오백만원4. 제출서류:1) 신청서, 추천서, 동의서(붙임파일 3)2) 재학증명서, 성적증명서, 학자금지원구간통지서 원본3) 주민등록등본 원본(3개월 이내 발급본)4) 본인 통장 사본5) 2023년 기준 소득금액증명원 부/모 각 1부6) 2024년 지방세세목별과세증명서 또는 미과세증명원 부/모 각 1부＊모든 서류 상의 주민등록번호 뒷자리는 마스킹 필요5. 제출기일10월 11일 (금)까지 공과대학 행정1팀(제1공학관 N601호) 김희정 선생님께 제출",
도시공학과,[학부] [장학] 2024학년도 DB김준기문화재단 장학금 선발 안내,24.09.10,https://urban.yonsei.ac.kr/urban/notice/notice.do?mode=view&articleNo=210693&article.offset=10&articleLimit=10,"가. 자격요건 :1) 2024년 2학기 기준 소득분위 8분위 이하 학생2) 현재 평점 평균이 3.0/4.3 이상인 학생3) 저소득층 학생 우선선발나. 지원금액 :일백만원(1,000,000원), 생활비성 장학금(일회성)다. 제출서류 :1) 자기소개서(자유양식으로 작성, 분량은 A4 1장 이내)2) 성적증명서3) 학자금 지원구간 통지서(소득분위 증명서)라. 유의사항 :1) 메일제목 [2024 DB 김준기문화재단 장학금 신청_학과/학번/이름]2) 제출서류 1),2),3) 순서로 하나의 PDF 파일로 결합하여 제출.마. 제출기한 :2024년 9월 20일(금)까지 [orion@yonsei.ac.kr / 장학담당자 김한빈] 메일 제출* 기한엄수, 시간 외 제출 불가",
도시공학과,"[학부] [안내] 2024-2학기 2,3학년 도시공학종합설계 수업 희망 팀 제출 안내",24.09.03,https://urban.yonsei.ac.kr/urban/notice/notice.do?mode=view&articleNo=210115&article.offset=10&articleLimit=10,"2024-2학기 2,3학년 도시공학종합설계 수업 희망 팀 제출 안내2,3학년 학생들은 4학년 조별 주제를 확인 후 수업 희망 조를9월 11일(수) 오후 1시까지 제출하여 주시기 바랍니다.- 제출방법: 이메일 제출(urban@yonsei.ac.kr)- 제출내용: 학년, 학번, 이름, 희망팀 1순위 / 2순위 / 3순위",
도시공학과,[학부] [장학] 2024학년도 2학기 박정옥 장학생 신청 안내 [8/26(월) 17시 마감],24.08.26,https://urban.yonsei.ac.kr/urban/notice/notice.do?mode=view&articleNo=209443&article.offset=10&articleLimit=10,가. 선 발 인 원 : 공과대학 1명나. 선 발 기 준 :2024학년도 2학기 대학배정 장학금을 신청한 학생 중 가계곤란자(대학배정 미신청자는 신청 불가능)다. 장 학 금 액 : 등록금성 장학금 200만원(등록금 범위 내 중복 수혜 가능)라. 제 출 서 류 : ① 재학증명서 ② 성적증명서 ③ 학자금지원구간통지서 ④ 故박정옥 님에게 쓰는 감사 편지 ⑤ 그밖의 가계곤란을 증명할 수 있는 서류(선택)마. 제 출 처 : 공과대학 행정1팀(제1공학관 N601호) 장학 담당자 김한빈바. 제 출 기 한 : 2024년 8월 26일 월요일 17시까지(기한엄수)사. 문 의 처 : orion@yonsei.ac.kr / 02-2123-2734 / 김한빈,
도시공학과,[학부] [안내] 2024-2학기 졸업앨범 촬영 일정 안내,24.08.22,https://urban.yonsei.ac.kr/urban/notice/notice.do?mode=view&articleNo=209325&article.offset=10&articleLimit=10,"2024-2학기 졸업앨범 촬영 일정 안내☞ 예약하기 →SEVENCOLOR(http://sevencolor.co.kr/prepareReg.php)⊙ 2학기 촬영은 예약제로 진행합니다. (예약 없이 방문 시 대기 시간 길어질 수 있음.)⊙ 예약 시 핸드폰 번호를 꼭 입력해 주세요. (공지 시 사용)⊙ 예약 변경은 전날 15시까지 반영합니다. (당일 예약 변경은 촬영 시 반영 안 됨.)⊙ 우천 예보 시, 학교 및 세븐칼라 홈페이지 공지 확인해 주세요. (전날 15시 기준)⊙ 개인 사진만 촬영합니다. (아래 3개 학과만 단체 사진 촬영 )※ 교육학과, 체육교육학과, 간호학과 (일정표 확인)1. 대 상 자: 2024년 8월, 2025년 2월, 8월 졸업 예정인 학부생※ 2025년 2월에 발간되는 ‘2025년도졸업앨범’에 수록하는 촬영입니다.2. 기 간: 2024년 9월 5일(목) ~ 11일(수)3. 장 소- 실내 프로필 / 학사모 사진 : 학생회관 4층- 야외 프로필 : 본관 앞4. 내 용: 실내 프로필, 학사모, 야외 프로필 촬영 ▶ 개인 촬영 (단체 촬영 없음.)5. 준 비: 학생증, 졸업증명서(졸업생), 의상(정장 추천-와이셔츠, 넥타이), 편한 신발6. 유의 사항- 졸업앨범비 납부에 대해 홈페이지 공지를 확인해 주시기를 바랍니다.- 졸업앨범 외 개인 사진 구매 시 별도의 비용이 발생합니다.- 현장 상황에 따라 예약 시간으로부터 1시간 이상 소요될 수 있습니다.- 문의: 세븐칼라사진, ☎ 02-776-6666, (평일 9시 ~ 18시, 토·일 휴무)7. 촬영 일정날 짜장소/시간10:00 ~ 11:50점심13:00 ~ 16:509/5(목)실내(학관)야외(본관)개인 촬영 (예약)12:00~12:50개인 촬영 (예약)9/6(금)실내(학관)야외(본관)체육교육학과 개인촬영(단체촬영: 11:40)간호학과 단체촬영 13:00(개인촬영: 13:00 ~ 15:00)개인촬영(예약)교육학과 개인촬영(단체촬영: 11:30)9/9(월)~ 11(수)실내(학관)야외(본관)개인촬영 (예약)개인촬영 (예약)9/12(목)~ 13(금)실내(학관)야외(본관)우천 시 예비일 ( 우천으로 촬영일 변경 시 사용함 )< 졸업앨범비 납부 안내 >졸업앨범 구매를 희망하는 학생은 아래 계좌로 납부해 주시기 바랍니다.1. 납부 기간: 2024년 8월 20일(화) ~ 9월 3일(화)2. 졸업앨범비 :61,000원(육만 일천 원)3. 납부 방법가. 졸업앨범비 계좌 입금 : 국민은행 817201-04-147733 이진우(세븐칼라사진)나. 계좌 이체 시- ‘본인 성명+학번 뒤4자리 숫자(동명이인 확인을 위함)’필히 기입 요망※ 예시 : 홍길동, 2019123456 → 홍길동3456(미기입 및 부모님 성함으로 입금 시 입금 확인 불가)다. 현금인출기(ATM)에서 무통장 입금으로 입금하는 경우 입금 확인이 안 될 수 있으므로반드시 영수증을 보관하시기 바라며 가급적 계좌이체를 해주시기 바랍니다.라. 졸업앨범비 납부 후 세븐칼라사진으로 연락해 주시기 바랍니다.※ 1학기 앨범비 입금 후 입금 확인 문자를 못 받으신 분은 연락주시기 바랍니다.(학번 없이 이름만 입금 시 확인 불가)4. 기타가. 졸업앨범비 납부자에 한해 추후 온라인 사이트에서 사진 확인이 가능합니다.나. 문의처 : 세븐칼라사진, ☎ 02-776-6666 (평일 9:00 ~ 18:00, 토·일 휴무)",
도시공학과,[대학원] 대학원 2024년 8월 학위수여식 안내,24.08.20,https://urban.yonsei.ac.kr/urban/notice/notice.do?mode=view&articleNo=209067&article.offset=20&articleLimit=10,"연세대학교 대학원 2024년 8월 학위수여식 안내영예의 학위 취득을 진심으로 축하드립니다.- 학위수여식 일시 및 장소 : 2024. 8. 30(금) 오전 11 시, 대강당- 2024년 8월 학위취득 대상자 조회 / 석사학위가운대여 / 학위기 수령 등 자세한 사항은 첨부파일 참고해주세요.",
도시공학과,[학부] [안내] 2024년 8월 졸업자 학위수여식 및 학위가운 대여 안내,24.08.16,https://urban.yonsei.ac.kr/urban/notice/notice.do?mode=view&articleNo=208925&article.offset=20&articleLimit=10,,image\IYEylkuEgkrPppvRZnWr.png
도시공학과,[대학원] 2024학년도 2학기 학위논문 연구계획서 제출 및 논문심사 일정 안내,24.08.12,https://urban.yonsei.ac.kr/urban/notice/notice.do?mode=view&articleNo=208620&article.offset=20&articleLimit=10,"2024학년도 2학기 학위논문 연구계획서 제출 및 논문심사 일정 안내대학원 학칙 제7장 학위논문(학위논문에 관한 내규) 따라 연구계획서를 작성하여 주시고,체제검사를 지도교수에게 받은 후에 예비심사 및 본심사에 임하시기 바랍니다.학위논문연구계획서 제출 및 논문심사위원 등록은반드시 학생이 직접학사포털에 입력 및 저장해야합니다.1. 제출자격가. 직전학기(2024-1)까지 자격시험(외국어, 종합시험) 합격자에 한함.(단, 휴학생은 제출불가)나. 2024-2학기 수강신청을 포함하여 수료요건 충족이 가능한 자2. 학위논문 연구계획서 제출 절차- 학사포탈시스템(http://portal.yonsei.ac.kr) → 학사행정 → 졸업 → 학생 →'졸업심사유형지정' 메뉴 이동 → 졸업심사유형 '학위논문' 선택후 '신청' 클릭(필수) →연구계획서 제출→연구윤리준수서약서 동의(필수) → 연구계획서 입력 · 저장 → 연구계획서 학사포털 제출 → 지도교수 승인, 학과 승인 → 대학원 승인- 입력마감 : 2024. 9. 13(금)3. 심사위원 등록- 지도교수와 상의하여 포탈시스템→논문심사위원등록 메뉴에서 등록- 단, 24-2학기에 학위논문 연구계획서 제출한박사(통합)과정은지도교수만 입력4. 유의사항- 연구계획서 입력 시 “학위논문 연구윤리 준수서약서”에 동의하여야만 입력가능.- 연구지도는 연구계획서 승인학기부터 수강한 연구지도 수강내역이 졸업요건에 반영됩니다.- 2006-2학기 이후 박사과정 신입생은 영문으로 논문을 작성해야 함.- 박사 및 통합과정은 연구계획서를 제출한 다음학기에 논문 예 · 본심을 받을 수 있음.(학위논문에 관한 내규 제2조에 의해 박사과정은 2학기이상 논문지도를 받아야 함: 연구계획서의 포탈입력 및 승인받은 학기에는 심사를 받지 못하고, 그 다음학기에 논문심사를 진행하게 됨을 각별히 유의!).기타문의사항 02.2123.2890",
도시공학과,[대학원] 24-2학기「연구지도」교과목 수강신청 관련 안내,24.08.12,https://urban.yonsei.ac.kr/urban/notice/notice.do?mode=view&articleNo=208619&article.offset=20&articleLimit=10,"「연구지도」교과목 수강신청 관련 안내﻿가.「연구지도」교과목 일괄 수강신청1)대상_ 대학원에서 연구지도 과목 일괄 수강신청 처리: 석사, 박사, 통합중단 포함_진급학기 기준 4학기 이상 재학생: 통합_진급학기 기준 6학기 이상 재학생2)「연구지도」교과목 일괄 수강신청은 수강신청 기간 시작일(8월16일)기준으로3~4일전에 진행될 예정이며,이후에 복학 또는 재입학한 학생들에게는 적용되지 않음3)일괄 수강신청 처리 이후에복학하거나 재입학한 학생 중「연구지도」교과목수강이 필요한 경우,수강신청 기간 또는 수강신청 확인 및 변경기간에 반드시본인이 직접 수강신청 시스템을 통해 신청 해야 함.나.「연구지도」교과목 삭제 금지1)「연구지도」교과목은 학생이 수강내역에서 직접 삭제 불가2)「연구지도」교과목을 반드시 이수해야 하는 학생이 본인의 실수 또는 졸업요건 에 대한 사전지식 미비 등의 이유로 일괄 수강신청 처리가 완료된 상태에서「연 구지도」교과목을 삭제하여 요건 미충족으로 졸업을 하지 못하는 상황을 방지하 기 위함3)일괄 수강신청 처리가 완료된「연구지도」교과목을 삭제해야 할 불가피한 사유 가 있을 경우, 신청서 학과에 제출(단,삭제 사유가 타당하지 않을 경우 삭제 불가)다.복학생,재입학생,과정변경(통합중단)학생에 대한「연구지도」교과목 수강 안내구분확인사항복학복학한 학생 중 석∙박사4학기,통합6학기 이상 학생은연구지도 일괄 수강신청 대상에 포함되지 않을 수 있으니,반드시 본인의 수강내역에 연구지도 교과목이 신청되어 있는지 확인하고,신청되어 있지 않을 경우 직접 연구지도 과목을 수강신청해야 함.재입학2024학년도 2학기 재입학 허가자 중 석∙박사4학기,통합6학기 이상 학생들은수강신청 확인 및 변경기간(9월 4일~6일)에 반드시 본인이 직접 연구지도 과목을 수강신청해야 함.과정변경(통합중단)통합→석사 과정변경 대상자 중 통합중단4학기 이상학생들은반드시 연구지도1과목을 수강신청해야함.(일괄 수강신청 처리가 되어 있지 않을 경우,본인이 직접 수강신청)연구지도2과목 삭제가 필요한 경우,아래의 신청 오류자 처리 절차에 따라 진행할 것라.「연구지도」신청 오류자 처리1)연구지도 과목은 선입력과 수강신청만 가능하며,학생 본인이 수강과목 목록에서 삭제할 수 없음2)본인의 학위과정에 부합하는 연구지도 과목 이외의 다른 연구지도 과목을 신청하였을 경우,[붙임5]의 양식에 기재하여연구지도 삭제요청 양식을 8.21(수)까지 ie@yonsei.ac.kr 제출마.학∙석연계과정3학기 재학생 또는 학기단축 희망 학생의「연구지도」수강신청1)진급학기 기준 석사3학기,박사2학기 재학생 중 학위수여 요건을 충족한 경우 「연구지도」수강신청 가능2)학∙석연계과정3학기 재학생은 반드시 연구지도 과목 신청을 확인하시기바랍니다.※3학기 재학생은 선입력 대상에 포함되지 않으며,본인이 직접 연구지도 과목을 학사포탈을 통해 수강신청할 수 없으므로 반드시 신청서를 제출해야 처리가능3)[붙임4]의 수강신청서를 8.28(수)까지 ie@yonsei.ac.kr 제출4)관련 근거:대학원 학칙 제8조의④ 각 학위과정의 학생 중 학위수여 자격 요건 을 충족한 학생은 정규등록을 한 학기 단축할 수 있다.단,통합과정의 학생 및 석사학위 논문 대체실적을 통해 학위를 취득하고자 하는 자는 제외한다.",
도시공학과,[학부] [안내] 2024-2학기 학부 수강신청 안내,24.08.12,https://urban.yonsei.ac.kr/urban/notice/notice.do?mode=view&articleNo=208605&article.offset=20&articleLimit=10,"1. 2024학년도 2학기 학부 수강신청 일정 안내자세한 내용은 수강편람 조회(https://underwood1.yonsei.ac.kr/com/lgin/SsoCtr/initExtPageWork.do?link=handbList&locale=ko)에서 2024학년도 2학기 수강편람_240701배포용을 참고하시기 바랍니다.2. ""도시계획을위한표현기법(구:스마트한도시설계표현기법""을 1학년 외에 학년이 수강신청을 하고자 하는 경우,담당교수님께 이메일을 사전에 보내시어 수강여부를 확인하시기 바랍니다.",image\CoewrylktkeqJiVvUoYj.png
도시공학과,[학부] [안내] 도시공학과 졸업요건표 안내,24.08.12,https://urban.yonsei.ac.kr/urban/notice/notice.do?mode=view&articleNo=208604&article.offset=20&articleLimit=10,"학부 학생들의 졸업요건표를 공지합니다.내용과 관련한 문의사항은 학과 사무실로 연락주시기 바랍니다.* 학과 사무실 연락처: 02-2123-2890/ urban@yonsei.ac.kr- 졸업요건은 입학년도를 기준으로 기재되었습니다.표에 포함되지 않은 교과목의 인정여부는 학과 사무실에서 확인하시기 바랍니다.- 교과목명은 해당년도를 기준으로 기재되었습니다.교과목명이 다르더라도 학정번호가 같다면 동일 교과목이니, 참고하시기 바랍니다.- 졸업요건표를 꼭 확인하시고, 궁금한 내용 및 이수 여부 등의 문의가 있을 경우,학과 사무실로 전화 혹은 이메일 주시기 바랍니다.",
도시공학과,[학부] [장학] 2024년 동산장학회 장학생 선발 안내,24.08.08,https://urban.yonsei.ac.kr/urban/notice/notice.do?mode=view&articleNo=208389&article.offset=20&articleLimit=10,"2024년 동산장학회 장학생에 지원하고자 하는 학생은제출서류 원본을 공과대학 행정1팀(제1공학관 N601호 장학담당자 김한빈)으로 제출하기 바랍니다.* 최종추천 대상자는 공과대학에서 선발합니다.* 기타문의사항은 02-2123-2734로 문의하시기 바랍니다.- 제출기한: 2024년 8월 23일(금)- 선발대상: 공과대학 7명- 선발조건: 이공계 전공 새터민(북한 출생), 성적이 우수하고 생활 환경이 어려운 학생- 장학금액: 생활비성 장학금 8백만원(1년)- 제출서류: 장학생 지원서(사진첨부필수), 장학생 추천서, 재학증명서 및 성적증명서- 유의사항: 사진 촬영본 서류 제출 불가",
도시공학과,2024 International Conference of Asia Pacific Planning Societies (ICAPPS) 대학(원)생 도우미 모집 안내,24.08.07,https://urban.yonsei.ac.kr/urban/notice/notice.do?mode=view&articleNo=208341&article.offset=20&articleLimit=10,"2024 International Conference of Asia Pacific Planning Societies (ICAPPS)대학(원)생 도우미 모집 안내2024년 8월 22일(목)부터 8월 24일(토)까지 연세대학교 신촌캠퍼스에서 개최되는2024 International Conference of Asia Pacific Planning Societies (ICAPPS) 국제학술대회에서 도움을 줄 대학(원)생을 모집합니다.국제 학술대회 경험을 쌓고 다양한 사람들과 소통할 수 있는 기회를 제공하니 많은 지원 바랍니다.모집 일정 및 역할1. 2024년 8월 22일 (목요일)ﾷ업무(1) 국제 학술대회 참가자 대상 현장 등록 안내(2) 개회식 운영 보조ﾷ장소: 제4공학관, 학생회관, 백양누리 그랜드볼룸 (단, 상황에 따라 변경 가능성 有)ﾷ예상 시간: 오후 1시 - 오후 8시ﾷ모집 인원: 7명2. 2024년 8월 23일 (금요일)ﾷ업무(1) 국제 학술대회 참가자 대상 현장 등록 안내(2) 세션(Session) 발표 준비 보조 및 진행 보조(3) 개·폐회식 운영 보조ﾷ장소: 제4공학관, 백양누리 그랜드볼룸 (단, 상황에 따라 변경 가능성 有)ﾷ예상 시간: 오전 7시 30분 - 오후 8시ﾷ모집 인원: 21명3. 2024년 8월 24일 (토요일)ﾷ업무: 테크니컬 투어(Technical Tour) 진행 보조[코스 1] - 서울: 연세대학교 → 북촌한옥마을 → 청계천 → 서울역사박물관[코스 2] - 인천 송도: 연세대학교 → 한중문화관 → 인천도시역사관 → 센트럴파크ﾷ예상 시간: 오전 8시 - 오후 4시ﾷ모집 인원: 7명4. 급여 및 혜택ﾷ일당 10만 원ﾷ중식 제공5. 우대 사항ﾷ학술 연구에 관심이 많은 도시공학과 대학(원)생ﾷ영어를 사용하는 데 두려움이 없는 대학(원)생6. 선발결과 발표ﾷ2024년 8월 16일 금요일ﾷ선발된 분들께는 개별적으로 휴대폰으로 연락 드립니다.많은 관심과 지원 바랍니다.신청 링크:https://forms.gle/zR4YivdRTFTHzPVBA",
도시공학과,[학부] [안내][일정변경]도시공학종합설계 연구주제 제출 안내,24.08.06,https://urban.yonsei.ac.kr/urban/notice/notice.do?mode=view&articleNo=208294&article.offset=20&articleLimit=10,"도시공학종합설계 연구주제 제출 안내1. 4학년 학생은 도시공학종합설계 과목(3학점) 수강 신청 및 팀 구성2. 팀은 2인 1조로 구성함3. 팀 구성을 못 한 학생은 연구주제만 제출4. 지도교수님 배정: 학과 배정5. 연구주제 및 팀 구성원 명단은8월 27일(화)까지 이메일(urban@yonsei.ac.kr) 제출(*일정연기)팀 구성원학번학번성명성명연구주제희망지도교수※ 공적 사정으로 손봉수 교수님은 희망지도교수로 신청할 수 없습니다.6. 세부일정 안내- 2,3학년 희망 팀 제출: 9월 2일(월) ~ 9월 6일(금)(*일정변경)- 첫 수업:9월 6일(금) 오후 4시 제1공학관 S102호",
도시공학과,[학부] [장학] 2024학년도 2학기 정봉숙 장학생 선발 안내,24.08.05,https://urban.yonsei.ac.kr/urban/notice/notice.do?mode=view&articleNo=208241&article.offset=20&articleLimit=10,"게시글 내용게시글 내용1. 추천대학 및 인원: 공과대학 2명2. 추천대상: 경제적으로 형편이 어려운 정규학기 학부 재학생(휴학생, 학기초과자 제외)직전학기 12학점 이상 이수하고 평량평균 2.5이상인 학생3. 장학금액: 1,000,000원 (등록금 또는 생활비 지원 가능)*생활비 장학금으로 지급할 경우 10월 중간고사 기간에 지급 예정4. 제출서류가. 성적증명서나. 학자금 지원구간 통지서(2024학년도 2학기 기준)(한국장학재단 홈페이지 → 장학금(상단메뉴) → 증명서발급 → 지원구간 통지서발급)- 2학기 소득분위 산정이 안된경우 2024학년도 1학기 통지서- 국가장학금 미신청 한 경우 부모님 건강보험료납부확인서다. 재학증명서5. 제출기간:2024년 8월 14일까지 공과대학 행정1팀 장학 담당자(제1공학관 N601호 김한빈선생님)앞으로 원본 서류 제출.",
도시공학과,[학부] [장학] 2024학년도 2학기 김순전 장학생 선발 안내,24.08.05,https://urban.yonsei.ac.kr/urban/notice/notice.do?mode=view&articleNo=208239&article.offset=30&articleLimit=10,"1. 추천인원: 공과대학 2명2. 추천대상: 가계곤란자(직전학기 12학점 이상 이수, 평량평균 2.5 이상)3. 장학금액: 1인당 1,500,000원(등록금 지원 장학금으로 등록금 범위 내에서 중복수혜 가능)4. 제출서류가. 성적증명서나. 학자금 지원구간 통지서(2024학년도 2학기 기준)(한국장학재단 홈페이지 → 장학금(상단메뉴) → 증명서발급 → 지원구간 통지서발급)-2학기 소득분위 산정이 안된경우 2024학년도 1학기 통지서-국가장학금 미신청 한 경우 부모님 건강보험료납부확인서다. 재학증명서5. 제출기간:2024년 8월 14일까지 공과대학 행정1팀 장학 담당자(제1공학관 N601호 김한빈선생님)앞으로 원본 서류 제출.",
도시공학과,[학부] [장학] 2024학년도 2학기 「산운(山雲) 이병호 자유 장학금」 장학생 선발 안내,24.08.05,https://urban.yonsei.ac.kr/urban/notice/notice.do?mode=view&articleNo=208224&article.offset=30&articleLimit=10,"2024학년도 2학기 「산운(山雲) 이병호 자유 장학금」 장학생에 지원하고자 하는 학생은제출서류 원본을 공과대학 행정1팀(제1공학관 N601호 장학담당자 김한빈)으로 제출하기 바랍니다.* 제출기한 : 2024. 9. 2.(월) 낮 12시* 최종 추천 대상자는 공과대학에서 선발합니다.* 기타 문의사항은 02)2123-2734로 문의 바랍니다.1. 신청자격가. 경제적 어려움으로 인해 학비 마련이 어렵거나 학업 수행에 곤란을 겪고 있는 학생나. 대한민국 국적이며, 2024학년도 1학기를 포함하여 3개 학기 이상 수료한 학부 재학생(편입학생은 편입 후 3개 학기 이상 수료)다. 2024학년도 1학기 이수학점 15학점 이상, 평량평균 3.0/4.3 이상라. 제외 대상: 평점이 부여되지 않는 과목(P/NP 및 S/U 평가 과목)에서 NP나 U의 성적을 받은 자, 학기 초과자, 간호대학 진급자, 졸업예정자 복수전공 전형 합격자, 징계자2. 선발인원: 공과대학 2명3. 장학금액: 1인당 생활비성 장학금 700만원(타 장학금과 중복수혜 가능)4. 제출서(접수된 서류는 반환하지 않음.)가. 신청서 및 자기소개서 (첨부파일1)나. 대한민국 국적을 확인할 수 있는 신분증 사본(주민등록증, 운전면허증, 여권 등)다. 학과장 추천서 (첨부파일2)라. 재학증명서마. 성적증명서(2024학년도 1학기 포함)바. 소득분위 증빙서류사. [해당자에 한함] 본인 또는 부모의 기초생활수급자 또는 차상위계층 증명서- 증명서 발급자가 부모인 경우, 가족관계증명서 추가 제출아. [위 바, 사에 해당하지 않는 경우]1) 가족관계증명서2) 부/모의 최근 1년간 지방세 세목별 과세증명서 또는 재산세 납세증명서- ‘해당 사항 없음’의 경우에 ‘해당 사항 없음’이 기록된 상태로 발급, 제출할 것(민원포털 민원24나 각 지역 지방세 납부 사이트 확인)3) 부/모의 최근 1년간 소득 관련 증빙서류- 소득금액증명원- 소득이 없는 경우 사실 증명(세무서 발급)자. 선택 증빙서류(원하는 경우만 제출)1) 가계 곤란 증빙서류 (예: 파산증명서, 부채증명서, 직계가족의 장기입원확인증명서, 실직증명서 등)5. 장학생 의무 사항가. 이 장학 사업과 관련한 공식 행사(장학금 수여식 등)에 참석나. 사업 주관 부서가 제출을 요구하는 자료 등을 성실히 제출다. 자신의 학적상태 및 신변에 주요한 변동이 있는 경우, 사업 주관 부서에 신속하게 알림라. 그 외 사업 주관 부서의 요청에 적극 협조6. 특이사항가. 생활비성 장학금으로 타 장학금과 중복 수혜 가능함나. 「산운 이병호 진리/자유 장학금」 수혜 횟수는 총 4회로 제한함",
도시공학과,[대학원] 2024학년도 2학기 수강신청 안내,24.07.31,https://urban.yonsei.ac.kr/urban/notice/notice.do?mode=view&articleNo=208021&article.offset=30&articleLimit=10,"2024학년도 2학기 수강신청 안내2024학년도 2학기 일반대학원 수강신청과 관련하여 안내드리오니,대학원생 여러분은 아래 사항을 반드시 확인하여 주시기 바랍니다.▶ 수강신청 관련 업무는 모두 연세 포털서비스 시스템을 통하여 이루어지므로 반드시 정해진 기간 내에 본인이 직접 수강 신청하시기 바랍니다.첨부 수강신청 안내문에 기재된 학생의 학기는 진급학기를 의미합니다. (http://portal.yonsei.ac.kr)▶ 대학원 학칙 제 21조 2항 (학사경고)에 의거,매학기 재수강전 직전학기 성적 평균이2.0미만인 경우에는 학사경고를 받게 되고,학사경고 총 2회를 받을 경우에는 성적불량으로 제적됩니다.성적불량으로 제적된 자가 재입학 후 학사경고를 1회 받게 되면 성적불량으로 제적되어 재입학이 불가하오니, 수강신청 및 학점관리에 주의하여 주십시오.▶ 초과학기자(석사/박사 5학기 이상, 통합 7학기 이상)는 수강신청 학점수(일반수강, 청강, 학부보충과목 포함)에 따라 등록금이 가산됩니다.▶ 학생 개개인의 수강신청에 지장이 없도록첨부의 수강신청 안내문을 반드시 확인하여 주시기 바랍니다.1. 신입생 및 재학생 수강신청 기간(학부보충수강신청 포함) : 2024. 8. 16.(금) ∼ 8. 22.(목)※수강신청은 상기 수강신청 기간 중 매일 오전10:00부터23:59까지 가능합니다. (토요일과 일요일은 수강신청 불가)*수강신청 시스템 로그인은 상기 기간 중 오전 9:00부터 가능합니다.2. 복학생 수강신청차수복학신청기간수강신청1차7. 15.(월) 00:00 ~ 8. 15.(목) 23:598. 16.(금) ∼ 8. 22.(목)9. 4.(수) ∼ 9. 6.(금)2차8. 16.(금) 00:00 ~ 8. 27.(화) 23:593차8. 28.(수) 00:00 ~ 9. 3.(화) 23:593. 수강신청 확인 및 변경기간 (학부보충 수강신청 포함): 2024. 9. 4.(수) - 9. 6.(금)※수강신청 확인 및 변경은 상기 기간 중 오전10:00부터23:59까지 가능합니다. (로그인은 9:00부터 가능)",
도시공학과,[대학원] 2024 - 2학기 휴학 · 복학 신청 및 학적 관련 안내,24.07.29,https://urban.yonsei.ac.kr/urban/notice/notice.do?mode=view&articleNo=207869&article.offset=30&articleLimit=10,"2024 - 2학기 휴학 · 복학 신청 및 학적 관련 안내2024 Fall Semester Guidance on: Leave of Absence, Reinstatement and other Academic Records대학원 휴학 · 복학 신청을 안내 하오니 신청하실 학생께서는 첨부 문서를 확인하신 후해당되는 기간에 휴학 · 복학 신청을 진행하시기 바랍니다.Please refer to the attached files and those who are willing to apply for leave/return for 2024 Fall Semester,please do so during the designated period.연세대학교 대학원Yonsei University Graduate School",
도시공학과,[학부] 2024년 대학협력 모아주택·모아타운 프로젝트 작품전시회 안내,24.07.22,https://urban.yonsei.ac.kr/urban/notice/notice.do?mode=view&articleNo=207574&article.offset=30&articleLimit=10,"2024-1 커뮤니티재생계획및설계 수업에서 진행한 설계 작품들 및 제 2회 모아주택 모아타운 참여대학 별우수 작품들이 전시가 아래와 같이 진행되니 많은 관심과 방문 부탁드립니다.산자락, 구릉지 등 다양한 모아타운 대상지에 대한 대학생들의 참신한 아이디어를 확인하는 특별한 기회!2024년 대학협력 모아주택·모아타운 프로젝트 작품전시회 소개합니다.다양한 작품을 만나볼 수 있으니, 모아주택·모아타운에 관심 있는 분들의 많은 참여 부탁드립니다.- 행사명 : 2024년 대학협력 모아주택·모아타운 프로젝트 작품전시회- 주최 : 서울특별시 모아주택·모아타운- 참여대학 : 연세대, 가천대, 건국대, 고려대, 국민대, 단국대, 숭실대. 중앙대, 국립한국교통대, 한남대, 한양대, 홍익대- 장소 : 서울도시건축전시관 갤러리 3(지하 3층)- 일시 : 2024년 7월 9일(화) ~ 8월 18일(일)",
도시공학과,[대학원] 2024년 8월 졸업예정자 학위논문 제출 안내,24.07.02,https://urban.yonsei.ac.kr/urban/notice/notice.do?mode=view&articleNo=192636&article.offset=30&articleLimit=10,"<2024년 8월 졸업예정자 학위논문 제출 안내>구분내 용제출절차* 도서관 학위논문 제출 시스템(https://dcollection.yonsei.ac.kr)에 접속 → 로그인 → ‘학위논문제출’ 클릭 → ‘자료제출’ 클릭 (제출방법 및 FAQ 매뉴얼 참조) → ‘개인정보 수집 및 이용에 대한 동의“ → 제출정보 입력 → 논문파일 등록 → 논문정보(메타정보) 등록 → 저작권정보 설정 → 최종확인 및 제출 → 제출처 검증 후 승인 → “제출내역”에서 저작권동의서와 제출확인서 출력 → 학위논문 4부와 저작권동의서, 제출확인서 지참 후 학위논문 제출처 방문 → 학위논문 및 저작권동의서, 제출 확인서 제출* 제출확인서는일반대학원은 학위논문 제출처(도서관)에 제출* 도서관 홈페이지의 학위논문 제출방법 및 FAQ 참조(필독)제출자료* 온라인 제출 - 원문파일(PDF)* 완성본 제출 -학위논문4부(심사위원 전원이 날인 또는 사인한 원본1부 포함)(단, 저작권 비동의 학위논문과 일반대학원 법학과 학위논문은 5부 제출)- 학위논문 제출확인서 1부- 저작권동의서 1부제출장소* 학위논문 제출처 : 연세·삼성 학술정보관 1층 MakerSpace(미래캠퍼스 소속 학생은 미래도서관에 제출하고, '학위논문 제출확인서'를 미래캠퍼스 대학원 행정지원팀에 제출)제출일시* 제출일 엄수 : 심사위원 서명 날인 누락으로 제출기한이 경과되지 않도록 주의* 온라인제출: 2024. 7. 2.(화) 09:00 ~ 7. 8.(월) 17:00 (기간 중 24시간 상시 가능)* 책자 학위논문 제출: 2024. 7. 9.(화) ~ 7. 15.(월) 09:00 ~ 17:00 (주말 제외, 기간엄수)박사학위통계조사* 2024년 8월 신규 박사학위 취득 예정자 인터넷 통계조사 참여 :2024. 8. 26(월)까지(http://www.narastat.kr/emdh)학위논문제출방법 및 FAQ” 숙지 후 요청 사항은온라인 요청폼(반송/도서관제목 수정 등)을 통해 요청* 학위논문 온라인 및 책자 제출 문의:전화번호: 02) 2123-4643/4644(제출처 운영시간 : 평일 09:00 ~ 17:00)E-mail :thesis@yonsei.ac.kr* 유 의 사 항1. 학위논문 본심사 실시 결과 입력/정정 기간:2024. 6. 20(목) - 6. 24(월)2.확인사항(필수):영문성명(증명서에 반영되는 사항이므로 여권과 동일하도록 권고),제목,언어(국,영문)등- 영문성명, 논문제목, 논문작성언어 등 수정 사항 발생 시 소속학과 사무실을 통해 반드시 수정 요청- 학사포털의 영문성명으로 학위기와 각종 영문증명서가 발급되므로 반드시 확인바랍니다.3. 박사학위논문 공표 :「고등교육법시행령제 51조」및 「대학원 학위논문에 관한 내규 제19조(학위문의 공표)」에 의거 박사학위 취득 후 1년 이내에 학계에 공표해야 합니다.(지정된 공표 형태는 없으므로, 단행본 발간, 관련 학회지 게재, 정기간행물 게재, 외국국제학술지 게재, 학술세미나 발표. 도서관 논문원문 게시 등의 공표 형태를 학위 취득 1년 뒤 소속학과 설문조사에 회신)4.최종 학위논문 제목(국,영문)이 변경된 경우,학사포털을 통해 반드시2024. 7. 15(월)까지 변경해야 합니다.5. 대학원 학칙 제42조(학위수여) ① 학위는 학위수여 자격을 충족하고 학위논문을 제출한 학생에게 대학원운영위원회의 의결을 거쳐 총장이 수여한다.6. 제출된 학위논문과 관련하여 성명, 생일, 학위명, 논문제목, 전공, 지도교수 등의 정보가 국회도서관과교육부 산하 한국직업능력개발원에 제공됨을 알려드립니다.[ 학위논문 제출 대상 ] 학과 및 대학원 졸업요건을 모두 충족하여 8월 졸업이 가능한 자[ 학위논문 온라인 제출 ]- 제출기간:2024. 7. 2.(화) 09:00 ~ 7. 8.(월) 17:00 (기간 중 24시간 상시 가능)- 제출방법: 학위논문 온라인 제출 사이트(http://dcollection.yonsei.ac.kr) 접속 -> 로그인 후 제출 (ID/PW는 연세포털과 동일)- 파일형식: pdf 형식으로만제출(다른 포맷으로 제출 시 오류가 발생할 수 있습니다.)-온라인 제출 시 인준서 페이지 심사위원 서명은 필수는 아니나심사위원명은 반드시 기재(단, 책자제출 시는 인준서 원본 1부에 심사위원 서명 또는 날인 필수)-책자학위논문은온라인 제출을 승인 받은 후 책자 학위논문을제출해야합니다.- 제출 과정은 학위논문 온라인 제출 매뉴얼(첨부파일)을 참조해주십시오. (학위논문 제출방법 및 FAQ 참조)일반공지 | 공지사항 | 연세대학교 학술문화처 도서관 (yonsei.ac.kr)[ 책자 학위논문 제출 ]- 제출기간:2024. 7. 9.(화) ~ 7. 15.(월) 09:00 ~ 17:00 (주말 제외, 기간엄수)- 제출장소:연세·삼성 학술정보관 1층 MakerSpace- 학위논문제출처- 제출서류:①,②,③ 모두 제출① 학위논문 :석사, 박사 하드커버 4부* 인준서에 심사위원 도장 또는 서명이 포함된 원본 1부(필수) + 나머지 사본 3부** 단, 온라인 비공개 학위논문, 일반대학원 법학과 학위논문은 5부*** 표지 색깔 :석사 학위논문은 진한 감(紺)색, 박사학위논문은 흑(黑)색.석사학위 논문을 종이 제본하는 경우에는 회백색②저작권 이용동의서 1부(본인 서명 필수)③제출확인서 1부(날인 후 소속 대학원에 제출/일반대학원은 제출처에 제출)* 이용동의서, 제출확인서는 온라인 제출 승인 이후 출력 가능* 학위논문은 논문의 내용과 함께 논문을 구성하는 양식, 규격, 체제가 일정한 형식을 갖추어야 합니다.따라서학위논문은 연세대학교 출판부 발행한「새논문작성법」및 대학원 학위논문에 관한 내규(대학원 학칙 및 내규집)에 따라 작성하여 주시고,체제검사를 지도교수에게 지도받으시기바랍니다.(중요)연세대학교 일반대학원 학위논문 작성법(체제) 안내 :https://graduate.yonsei.ac.kr/graduate/academic/paper06.do[ 기타 ]- 책자 대리제출시 제출자 본인의 신분증(학생증 가능)을 대리자가 지참하여 제출처로 방문하시기 바랍니다.(세부사항은 학위논문 제출처에 문의)- 온라인 제출 이후, 검증작업에 시간이 걸릴 수 있습니다. 책자제출 마감기한을 넘지 않도록 스케줄 관리에 유념하시기 바랍니다.- 박사학위 취득자는 한국직업능력개발원의 2023년도 하반기 국내신규박사학위취득자조사에 협조해주시면 감사하겠습니다.(참고)일반대학원 교내공지사항 게시판읽기 ( 2024년도 하반기 ( 8월 ) 국내 신규 박사학위 취득자 조사 ) | 대학원 (yonsei.ac.kr)",
도시공학과,[학부] [장학] 2024년 2학기 농림축산식품부 대학장학금 장학생 선발안내,24.07.01,https://urban.yonsei.ac.kr/urban/notice/notice.do?mode=view&articleNo=192533&article.offset=30&articleLimit=10,,image\pOrNiAamrDNPSnnTtvjn.png
도시공학과,[학부] [장학] 2024학년도 2학기 성련장학재단 장학생 선발 안내,24.07.01,https://urban.yonsei.ac.kr/urban/notice/notice.do?mode=view&articleNo=192532&article.offset=30&articleLimit=10,"가. 선발대상 : 공과대학 5명나. 선발조건1) 학년기준 : 2024학년도 2학기 기준 2, 3학년2) 성적기준 : 직전학기 평량평균 3.3 이상3) 소득기준 : 최근 학기 소득구간 7분위 이하다. 장학금액 : 등록금 전액라. 제출서류 :1) 재단 공통서식(붙임파일 3)(작성가능한 부분만 작성, 추천인 항목은 추천인이 직접 작성하고 서명해야 함)2) 자기소개서(자유양식, A4용지 2매 이내, 글자크기 11포인트)- 포함될 내용: 자기소개, 학습계획, 졸업 후 진로계획, 장학금 신청사유3) 첨부 증빙서류 각 1부씩- 전체 학년 성적 증명서- 주민등록등본- 가족관계증명서- 2024학년도 1학기 학자금 소득구간 ('한국장학재단' 제공) 통지서- 부/모의 2023년도 소득 증빙자료▸급여생활자: 급여명세서 (근무처 발급)▸자영업자: 소득금액증명 (세무서 발급)▸소득이 없는 경우: ‘사실증명’(세무서 발급)▸해당되는 경우의 기타 서류 : (예) 부채증명서, 전월세계약서 등4) 감사편지(예비 합격자로 선발된 이후 작성 후 재단에 제출*)* 제출기한 : 2024. 7. 15.(월) 12시까지 제출서류 원본을 공과대학 행정1팀(제1공학관 N601호)으로 제출* 최종 추천 대상자는 공과대학에서 선발합니다.* 기타 문의사항은 02)2123-2734로 문의 바랍니다.",
도시공학과,[대학원] 학위논문 Guidelines for Preparing Thesis in English 중 Page Numbers 설정부분 수정,24.06.24,https://urban.yonsei.ac.kr/urban/notice/notice.do?mode=view&articleNo=192028&article.offset=30&articleLimit=10,학위논문 Guidelines for Preparing Thesis in English 중 Page Numbers 설정부분 수정일반대학원에서는 학위논문 영문Guidelines for Preparing Thesis in English 지침은 이전 자료와 동일한 지침 있었는데 Page Numbers가 '학위논문작성법_국문'과 상이한 점을 발견했습니다.논문 작성에 혼선을 줄 수 있어 국문 지침과 동일하게 수정되었습니다.수정된 지침은 대학원 홈페이지에서 다운로드 가능합니다.https://graduate.yonsei.ac.kr/graduate/academic/paper06.do,
도시공학과,[대학원] 일반대학원 학위논문 인준절차 개선 안내,24.06.24,https://urban.yonsei.ac.kr/urban/notice/notice.do?mode=view&articleNo=192027&article.offset=30&articleLimit=10,"일반대학원 학위논문 인준절차 개선 안내첨부된 인준사실확인서를 학과에 24.7.15(월)까지 제출하시기 바랍니다.가. 학위논문 인준 개선1) 사유: 서면인준이 원칙이나 심사위원이 해외체류 등의 불가피한 사유가 있는 경우 학사포털(온라인) 인준 및 비대면(이메일) 인준 허용2) 학위논문 인준 개선: 서면인준(원칙), 학사포털(온라인)인준(선택), 비대면(이메일)인준 (선택)나. 학위논문 인준 방법: 붙임 1, 21) 서면인준(원칙): 학위논문 인준서에 직접 서명을 원칙으로 하나 도장 날인도 허용2) 학사포탈(온라인)인준(선택) : 포털 접속 → 인준 체크 → 인준서 출력 후 제본※ 단, 온라인 인준이후 도서관에서 온라인논문 교체를 허용한 경우 학사포탈 재인준이 가능하며, 이 경우 기존 인준내역은 초기화되고 최종 인준일시 적용3) 비대면(이메일)인준(선택) : 심사위원이 직접 서명한 서명 스캔본과 인준 사실을 심사위원장에게 메일로 제출 → 심사위원장 '인준첨부: 대학원 학위논문 인준절차 개선, 인준사실 확인서",
도시공학과,[학부] KT엔지니어링 인턴 모집 공고,24.06.21,https://urban.yonsei.ac.kr/urban/notice/notice.do?mode=view&articleNo=191985&article.offset=40&articleLimit=10,1. 모집부문: 인턴(단기계약직) O명2. 담당업무:- 평택시 강소형 스마트시티 조성사업 참여로 실무에 대한 이해와 경험 습득- 현장(평택시) 상주를 통해 '평택시 강소형 스마트시티 조성사업' 흐름 이해- 스마트시티 사업 전반적 산출물 관리- 제공 서비스 개발 및 구축에 대한 품질 관리3. 자격요건:- 도시공학과 재학생 중 24년도 2학기 또는 25년도 휴학예정자4. 채용기간: 최소 6개월에서 1년 (최대 25년 12월까지 연장 가능)* 관심 있는 학생은 도시공학과 스마트시티 혁신인재육성사업 (02-2123-4620)으로 문의 / 7월 5일(금) 문의 및 접수 마감,
도시공학과,[대학원] 2024학년도 2학기 석사과정에서 석·박사통합과정으로의 학위과정 변경 신청 안내,24.06.18,https://urban.yonsei.ac.kr/urban/notice/notice.do?mode=view&articleNo=191719&article.offset=40&articleLimit=10,"2024학년도 2학기 석사과정에서 석·박사통합과정으로의 학위과정 변경 신청 안내1. 일정 및 신청방법학생 신청 기간: 2024년 1학기 성적등재 ~ 24. 7. 14.(일) 23:59 까지포탈사이트 통해서 학생이 직접 신청_붙임 파일 참고2. 신청 자격요건1) 붙임 1의 제3조(학위과정 변경절차 및 신청자격) 참조3. 유의사항가. 포탈 상에는 2024년 6월 15일부터 신청 메뉴가 활성화 되나,통합으로의 과정 변경은 학점 요건이 있어 성적이 등재되는 시점부터 신청이 가능합니다.(성적 등재는 성적 정정 등의 학사 일정에 따라 변동되는 경우가 많아 정확한 기간을 명시하기가 어려우며,대략 2024년 7월 1째 주에 등재됨. 실제 신청 기간은 약 2주가 안되는 기간이기에반드시 성적 등재 이후 기간 내 신청)나. 선발인원: 대학원에서는 지원자의 입학년도 및 캠퍼스별 박사학위과정 잔여정원 범위 내 에서정원, 접수인원, 학점 등을 종합적으로 고려하여 대상자를 선발할 예정입니다.",
도시공학과,[대학원] 2024학년도 2학기 석·박사 통합 과정 중단 신청 안내,24.06.18,https://urban.yonsei.ac.kr/urban/notice/notice.do?mode=view&articleNo=191714&article.offset=40&articleLimit=10,2024학년도 2학기 석·박사 통합 과정 중단 신청 안내1. 일정 및 신청방법학생 신청 기간: 24. 6. 15.(토) 9:00 ~ 24. 7. 14.(일) 23:59 까지포탈사이트 통해서 학생이 직접 신청_붙임 파일 참고2. 신청 자격요건: 붙임 1의 제3조(학위과정 변경절차 및 신청자격) 참조,
도시공학과,[대학원] 일반대학원 학위논문 작성법 및 표준 양식 지정 안내,24.06.12,https://urban.yonsei.ac.kr/urban/notice/notice.do?mode=view&articleNo=191405&article.offset=40&articleLimit=10,"일반대학원 학위논문 작성법 및 표준 양식 지정 안내대학원에서는 일반대학원 학위논문 작성과 관련하여 학위논문 작성법을 개정하였으며,대학원 학위논문 표준화를 위해 학위논문 표준 양식을 지정였으니 첨부된 파일 확인하시어학위논문 작성에 참조하여 주시기 바랍니다.",
도시공학과,[대학원] 2024학년도 후기 대학원 연세우수장학금Ⅱ 신청 안내,24.06.12,https://urban.yonsei.ac.kr/urban/notice/notice.do?mode=view&articleNo=191318&article.offset=40&articleLimit=10,"2024학년도 후기 대학원 연세우수장학금Ⅱ 신청 안내2024학년도 후기 신입생 중 「대학원 연세우수학생장학금 II」 장학생을 선발할 예정이오니24.6.18(화)까지 제출서류를 학과(urban@yonsei.ac.kr)로 제출하시기 바랍니다.* 2024학년도 후기 장학생 선발은 배정된 예산 범위 내에서 기존 및 신규선발 장학생 모두에게 장학금을 지급하여야 하기에,선발위원회를 통하여 다음의 조건을충족한 추천 대상자 중 약간 명을 선발할 예정입니다.가. 신청대상(다음 항목을 모두 충족한 신입생)1) 중앙부처 공무원(사무관급 이상) 및 이에 준하는 자2) 2024학년도 후기 일반대학원 박사과정(통합과정 포함) 신입생3) 지도교수 또는 주임교수 및 학장의 추천을 받은 자나. 신청마감: 2024. 6. 18.(화)다. 장학금 지원 범위: 대학원 입학금 전액 및 정규등록학기 등록금 전액(단, 선발된 학생은 장학금 수혜 기간 중, 매 학기 성적 3.4/4.3 이상 유지 필수)※ 교내 및 외부장학금 중복수혜와 학자금대출 불가※ 장학 기간 내, 매 학기 재직증명서 제출 필수(재직 확인 불가시 장학생 자격 박탈)라. 제출서류1) 장학금 지원서 및 추천서 1부2) 이력서 및 연구계획서(입학 지원시 제출서류) 각 1부3) 전학년 성적증명서(학부과정 및 석사과정) 각 1부4) 재직증명서(최근 3개월 이내 발급분) 1부마. 기타사항1) 국가고시 합격자일 경우 고시일과 합격일 기재2) 대학원생 폭력예방교육 이수 필수(입학 후 반드시 폭력예방교육 이수 완료 이수증 제출 확인)",
도시공학과,[학부] [안내] 2024학년도 2학기 졸업예정자 복수전공 신청 안내,24.06.11,https://urban.yonsei.ac.kr/urban/notice/notice.do?mode=view&articleNo=191238&article.offset=40&articleLimit=10,,"image\TECZxUHjRxVMlagbGWJh.png, image\AlkWYDYtBQNlhLvWRqph.png"
도시공학과,[학부] [안내] 2024학년도 2학기 캠퍼스내 연계전공 신청 안내,24.06.11,https://urban.yonsei.ac.kr/urban/notice/notice.do?mode=view&articleNo=191237&article.offset=40&articleLimit=10,,image\qeEfTSloNOIvxjhSTaIA.png
도시공학과,[대학원] 2024년 8월 대학원 졸업예정자 표절 검사 필수(의무) 시행 안내,24.06.03,https://urban.yonsei.ac.kr/urban/notice/notice.do?mode=view&articleNo=190522&article.offset=40&articleLimit=10,2024년 8월 대학원 졸업예정자 표절 검사 필수(의무) 시행 안내1. 관련근거 : 일반대학원 학위논문에 관한 내규 제9조 3항2. 제출대상 : 2024년 8월 석·박사 학위논문 제출 예정자3. 시행방법 : 학위논문 본심사 완료 후 제출4. 학과 표절률 기준 : 15%5. 제출서류 : 학위논문 표절검사 결과 확인서(붙임1 참조)6. 제출방법 : 학사포탈시스템에 업로드(붙임2 메뉴얼 참조)7. 제출일정 : 2024. 6. 20(목) ~ 6. 28(금)**유의사항: 미제출자는 졸업사정이 불가함.,
도시공학과,[대학원] 24-1학기 외국어 성적 제출 안내,24.06.01,https://urban.yonsei.ac.kr/urban/notice/notice.do?mode=view&articleNo=190494&article.offset=40&articleLimit=10,"24-1학기 외국어 성적 제출 안내입학전형 당시 제출 된 영어성적증명서는 입학전형용으로만 처리되오니,반드시,포탈사이트 통해서 2024. 7. 10.(수)까지 업로드(제출)하시기 바랍니다.1. 신청항목: 외국어시험대체(면제)2. 업로드자료: 해외대학졸업자(성적증명서 또는 졸업증명서), 외국어어학당이수증 및 공인영어시험 응시 증빙자료,공인된 외국어성적증명서3. 휴학생은 입력이 불가제출 시, 유효기간 2년/ 외국어 시험별 기준점수가 별도로 정해져있으니,내규나 학과로 통해서 확인받으시기 바랍니다.특히, 석사과정학생들은 반드시 3학기내에 합격처리가 완료되어야만,4학기내에 졸업이 가능함을 숙지해 주시기 바랍니다.",
도시공학과,[대학원] 24-1학기 학위논문 본심사 안내,24.06.01,https://urban.yonsei.ac.kr/urban/notice/notice.do?mode=view&articleNo=190493&article.offset=40&articleLimit=10,"24-1학기 학위논문 본심사 안내1. 심사운영지침 : 대면심사2. 단, 불가피한 사유로 비대면 심사가 필요한 경우에는 반드시 비대면심사 지침과 절차를 준수하여 주시기 바랍니다.가. 심사위원이 해외체류인경우나. 심사위원이 질병(코로나-19 격리 등)으로 인해 대면심사가 불가능한 경우3. 비대면심사 시 제출서류가. 논문심사 전: 비대면심사 시행신청서(붙임2)_6.21(금)까지나. 논문심사 후1) 비대면심사현황 보고(붙임3)_6.21(금)까지제출2) 심사위원이 심사위원장에게 본심결과(심사의견, 점수)를 기재한 보고서를 이메일로 제출3) 비대면증빙자료(화상회의 화면 캡쳐본, 이메일, 우편 등)4. 본심사일정: ~ 2024. 6. 19(수)5. 본심사보고서제출마감: ~ 2024. 6. 21(금) 오후5시까지(반드시 원본제출)6. 본심사보고서는 4공대 D301호에서 학생이 수령합니다.(대리수령가능)7.학위논문제목 수정이 필요한 학생은 반드시 학사포탈시스템 통해서 수정신청하시기 바랍니다.수정신청가능기간: 2024.7.1(월)까지",
