department,title,date,link,context
사학과,사학과 학생회 활동인증서 발급 안내,2024.11.01,https://history.yonsei.ac.kr/histroy/02_announce/notice.do?mode=view&articleNo=214388&article.offset=0&articleLimit=10,"안녕하세요. 사학과 사무실입니다.매년 9월에 진행되는 로스쿨 원서접수로 인해 많은 학생들이 사학과 사무실에 ‘학생회 활동 인증서’를 요청하고 있습니다. 9월은 수강신청 및 기타 학사 업무가 많은 기간으로, 인증서 발급 관련한 기존의 과정을 사전에 완료하고자 합니다.학생회 활동 인증서를 발급받고자 하는 경우 아래와 같은 절차를 진행해주시면 됩니다.(1) ‘연세대학교 사학과 학생회’에서 발급하는 <활동증명서>를 첨부하여 사학과 메일로 제출.(※8월 마지막 주 월요일 17시까지 제출)메일 제목: 이름_학번_학생회 활동 인증서 요청메일 내용: 안녕하세요. 20XX년도 학생회 학생회장을 역임한 000(학번)입니다.기관 제출을 위한 학생회 활동 인증서를 요청드립니다.｢붙임1: 학생회활동증명서｣를 첨부하였습니다.(2) 사학과 사무실에서는 해당 증명서를 8월 마지막 주 월요일까지 수합하여 학과장님께 전달, 학과장님께서 승인하시면 활동 인증서를 발급.활동 인증서 발급이 완료된 후 메일이 발송되니 잘 확인하시기 바랍니다. 인증서 발급은 9월 둘째주 월요일부터 금요일까지 수령이 가능합니다. 피치 못 할 사정으로 마감일까지 수령이 불가능할 경우 사전에 사학과 사무실로 연락바랍니다."
사학과,2025학년도 1학기 재입학 전형 안내,2024.10.29,https://history.yonsei.ac.kr/histroy/02_announce/notice.do?mode=view&articleNo=214163&article.offset=0&articleLimit=10,"안녕하세요. 사학과 사무실입니다.2025년도 1학기 재입학 전형 요강을 안내드립니다.1) 접수 대상: 미등록, 미복학, 성적불량(제적일로부터 2년 경과된 자), 학기초과, 자원퇴학 제적자2) 접수 기간: 2024. 11. 25.(월)~ 12. 6.(금) 오후 5시3) 접수처: 교무처 학사지원팀(학사포탈 시스템)4) 합격자 발표: 2024. 12. 27.(금)자세한 내용은 첨부파일을 참고해주시기 바랍니다.감사합니다."
사학과,2025학년도 1학기 캠퍼스내 소속변경,2024.10.17,https://history.yonsei.ac.kr/histroy/02_announce/notice.do?mode=view&articleNo=213423&article.offset=0&articleLimit=10,안녕하세요. 사학과 사무실입니다.캠퍼스 내 소속변경에 관해서 다음과 같이 안내드립니다.원서 접수 후 지원자가 있는 경우 아래와 같은 일정으로 진행합니다.구분일정비고소속변경 지원서 접수10. 28.(월) ~ 11. 1.(금)소속대학(학과) 1차 심사11. 5.(화) ~ 11. 6.(수)지원대학(학과) 서류심사11. 7.(목) ~ 11. 11.(월)지원대학(학과)에서 서류심사 후 면접대상자 지정가능면접대상 발표11. 14.(목)지원대학(학과) 면접11. 19.(화)최종 합격자 발표11. 29.(금)자세한 내용은 첨부한 파일을 참고하시기 바랍니다.감사합니다.
사학과,국제외국인 학생을 위한 비자 관리 플랫폼(VIVISA) 소개 세미나 개최,2024.10.15,https://history.yonsei.ac.kr/histroy/02_announce/notice.do?mode=view&articleNo=213243&article.offset=0&articleLimit=10,"연세대학교 국제 외국인 학생을 위한 비자 관리 플랫폼 (VIVISA) 소개 세미나를 다음과 같이 개최하오니,관심있으신 분들은 참여해주시기 바랍니다- 일시 : 2024.10.16 (수) 오후 5시- 장소 :연세대학교 삼성관 최이순홀- 기타 : 세미나는 한국어, 영어 슬라이드로 진행되며, 학생들에게 설명서와 다과를 제공합니다.자세한 사항은 첨부파일을 확인하시기 바랍니다."
사학과,[졸업] 대학교양「정보와기술」필수이수 안내 (2022학년도 입학자부터),2024.09.06,https://history.yonsei.ac.kr/histroy/02_announce/notice.do?mode=view&articleNo=210477&article.offset=0&articleLimit=10,안녕하세요. 사학과 사무실입니다.학사제도운영위원회 의결 (2020.12.10.)에 따라2022학년도 입학자부터 대학교양「정보와기술」영역을 필수로 이수하여야 합니다.(아래사진 / 2023 대학요람 p.392~396 참고)아울러문과대학 공통과목 중 2개 과목이 「정보와기술」영역으로 교차인정이 되기에 이 부분 참고해주시기 바랍니다.(아래사진 / 2023 대학요람 p.8 참고)위 내용을 반드시 확인하셔서 졸업에 차질이 없도록 신경써주시기 바랍니다.감사합니다.
사학과,2024학년도 2학기 졸업앨범 사진촬영 관련 안내,2024.08.23,https://history.yonsei.ac.kr/histroy/02_announce/notice.do?mode=view&articleNo=209351&article.offset=0&articleLimit=10,"2024학년도 2학기 졸업앨범 사진촬영 관련으로 안내드립니다. 일정은 다음과 같습니다.1. 일시:2024년 9월5일(목) ~ 9월 11일(수)※ 우천시 예비일: 9월 12일(목), 13일(금)2. 장소: 학생회관 4층, 본관 앞(언더우드관 앞)3. 방식: 학과별 촬영 일자에 참석하여 촬영(실내 프로필, 학사모 사진, 야외 프로필, 학과 단체사진 촬영)자세한 내용은 첨부 파일을 참조해주시기 바랍니다."
사학과,[장학] 연세대학교 장학금 안내 책자 게시,2024.08.16,https://history.yonsei.ac.kr/histroy/02_announce/notice.do?mode=view&articleNo=208908&article.offset=0&articleLimit=10,"안녕하세요, 사학과 사무실입니다.교내·외 다양한 장학제도에 대한 신입생 및 재학생의 이해를 높이고, 장학금별 신청시기나 신청방법을 몰라 수혜가능한 장학금을 놓치는 일이 없도록 도움을 주고자 '연세대학교 장학제도' 안내 리플렛을 게시합니다.참고해주시면 감사하겠습니다.감사합니다."
사학과,[대학원] 2024학년도 2학기 재입학 안내,2024.07.25,https://history.yonsei.ac.kr/histroy/02_announce/notice.do?mode=view&articleNo=207731&article.offset=0&articleLimit=10,"2024학년도 2학기 대학원 재입학과 관련하여 안내드립니다.자세한 내용은 아래의 붙임파일을 참고해주시기 바랍니다.지원자격1) 미등록, 휴학만료, 자원퇴학, 성적불량 제적자※ 학기만료 제적, 징계 제적자는 재입학 불가2) 미등록, 휴학만료, 자원퇴학 사유로 과정수료 처리된 자※ 학기만료, 재심사 불합격 사유로 과정수료 처리된 자는 재입학 불가제출서류재입학 신청양식(재입학신청서, 재입학청원서, 학업계획서), 성적증명서신청 및 승인 절차학생 신청⇨학과 심사 및재입학 추천⇨대학원 심사⇨결과 통지2024. 7. 22. (월) ∼ 2024. 7. 31. (수)※ 연세포탈로 신청2024. 8. 1. (목) ∼ 2024. 8. 9. (금)2024. 8. 12. (월) ∼2024. 8. 16. (금)2024년 8월 말※ 연세포탈에서 확인 가능"
사학과,2024-1 연세사학연구회 19회 학술발표회,2024.06.10,https://history.yonsei.ac.kr/histroy/02_announce/notice.do?mode=view&articleNo=191110&article.offset=0&articleLimit=10,연세사학연구회 19회 학술발표회 안내드리오니 관심있으신 분들의 많은 참여 바랍니다.행사명:제 19회 연세사학연구회 학술발표회일시: 6월 14일장소: 위당관 백주년기념관자세한 사항은 첨부파일을 참고해주시기 바랍니다.
사학과,2024학년도 1학기 학부 졸업앨범 사진촬영 안내,2024.04.15,https://history.yonsei.ac.kr/histroy/02_announce/notice.do?mode=view&articleNo=187253&article.offset=0&articleLimit=10,"2024학년도 1학기 졸업앨범 사진촬영'안내드립니다.1. 일시:2024년 4월29일(월) ~ 5월 14일(화)※ 우천시 예비일: 5월 9일(목), 10일(금), 13일(월)2. 장소: 학생회관 4층, 본관 앞(언더우드관 앞)3. 방식: 학과별 촬영 일자에 참석하여 촬영 [붙임 참조](실내 프로필, 학사모 사진, 야외 프로필, 학과 단체사진 촬영)감사합니다."
사학과,2024학년도 2학기 캠퍼스내 소속변경 전형 안내,2024.04.12,https://history.yonsei.ac.kr/histroy/02_announce/notice.do?mode=view&articleNo=187105&article.offset=0&articleLimit=10,"학과로부터'2024학년도 2학기 캠퍼스내 소속변경 전형 안내문 게시 요청'을 받아 안내드립니다.자세한 사항은 첨부파일을 참고해주시기 바라며,캠퍼스내 소속변경 원서 접수 후 지원자가 있는 경우 다음과 같은 일정으로 진행 예정입니다.구분일정비고소속변경 지원서 접수4. 29.(월) ~ 5. 3.(금)소속대학(학과) 1차 심사5. 7.(화) ~ 5. 8(수)지원대학(학과) 서류심사5. 9.(목) ~ 5. 13(월)지원대학(학과)에서 서류심사 후 면접대상자 지정가능면접대상 발표5. 16.(목)지원대학(학과) 면접5. 21.(화)주요학사일정으로 안내된 5.16(목)에서 변경됨최종 합격자 발표5. 31.(금)감사합니다."
사학과,[대학원] 2024 UCLA 펠로십 모집 (국학연구원),2024.02.29,https://history.yonsei.ac.kr/histroy/02_announce/notice.do?mode=view&articleNo=183812&article.offset=0&articleLimit=10,"한국학전공 대학원생 펠로십 모집공고연세대학교 국학연구원과 UCLA 한국학센터는 한국학 차세대 연구역량의 양성을 위해 한국학 전공 대학원생들의 상호 교환 프로그램을 진행하기로 한 바 아래와 같이 2024학년도 해당 학생을 선발하려고 합니다. 해당 대학원생들의 많은 응모를 바랍니다.1. 지원자격연세대학교 대학원에서 한국학 전공 및 한국관련 전공 재학생(인문, 사회과학 전분야)2. 지원 조건- 국학연구원은 1명의 장학금 수혜자를 선발한다.(한 학기 800만원씩 1년에 1600만원의 장학금 지급)- 장학금 수혜자는 연구결과를 학술논문 형태로 발표(학위논문 포함)해야 하며,학점 취득의무는 없다.- UCLA 체류 일정은 2024년 가을 학기(9월)부터 1년간 예정3. 제출 서류가. 지원서 1부 (붙임 1)나. 재학증명서 및 성적증명서 각 1부다. 영어공인성적표 1부 (아래 조건 중 해당하는 성적표 제출)1) TOEFL IBT 87점 or PBT 560점 (2년 이내 성적)2) IELTS 7 이상 (2년 이내 성적)라. 연구 계획서 (학위논문 계획서 대체 가능) 1부 - 한글 또는 영문마. 지도교수 추천서 1부바. 개인정보의 수집 및 이용 동의서 1부 (붙임 2)4. 제출 기한 : 2024년 1월 30일(화) ~ 3월 26일(화) <선발자에게는 개별통지함>5. 제출처 : (우편접수) 03722 서울 서대문구 연세로 50 연세대학교 국학연구원(위당관 314호)(메일접수) yskh@yonsei.ac.kr)6. 선발과정 : 서류 및 면접심사7. 문의처 : TEL. (82-2)-2123-3502"
사학과,2024년 2월 학위가운 대여 안내,2024.01.17,https://history.yonsei.ac.kr/histroy/02_announce/notice.do?mode=view&articleNo=181042&article.offset=10&articleLimit=10,"2024년 2월 학위가운 대여 관련하여 안내드립니다.아래 내용과 첨부 파일을 확인해주시기 바랍니다.감사합니다.----------------------------------------------------------------------------1. 대여 대상자: 2024년 2월 학부 및 대학원(석사) 졸업대상자(연구과정생 포함)2. 주요 일정내용일정비고납부기간2024. 2. 19.(월) 09:00 ~ 2.26.(월) 14:00가운 대여 기간2024. 2. 20.(화) 09:30 ~ 2.26.(월) 09:30 ~ 16:30 [평일]- 단, 2.26.(월)은 14:00까지 대여※ 특수·전문대학원 졸업생은 학위가운 세탁·보관료 납부 방법 및 가운 대여 기간이 상이할 수 있사오니, 각 대학원 홈페이지 및 행정팀으로 직접 문의하여 주십시오.3. 관련 메뉴학사포탈사이트 (http://portal.yonsei.ac.kr) > 학사정보시스템 > 학사행정 > 졸업 > 학위가운[유의 사항]- 학위가운은 신분증 및 세탁·보관료 납부영수증 제시 후 교부 가능- 학위가운 세탁·보관료(학부 5천원, 석사 7천원)는 신용카드 납부 불가- 우리은행 가상 계좌로 입금(졸업 대상자만 1인 1가상계좌가 부여됨)- 입금은 인터넷뱅킹, 폰뱅킹, ATM, 지점납부 가능- 학위가운 미반납 시 증명서 발급 중단 (2024. 2. 26.(월) 16:30까지 반납)"
사학과,외솔관 석면 제거 공사 및 문과대학/사학과 사무실 임시 이전 안내,2023.12.19,https://history.yonsei.ac.kr/histroy/02_announce/notice.do?mode=view&articleNo=179686&article.offset=10&articleLimit=10,"문과대학 외솔관 석면 제거 공사 및 이에 따른 문과대학/사학과 사무실의 임시 이전에 대해 안내드립니다.□ 석면 제거 공사 안내다음과 같이 석면 제거 공사를 진행할 예정이오니, 해당 기간 동안 외솔관 출입을 자제하여 주시기 바랍니다.⋅ 공사구역: 외솔관⋅ 전체공사기간: 2024. 1. 3.(수)~28.(일)⋅ 세부일정:2024. 1. 3.(수)~11.(목) 석면 공사[* 해당기간 B1,2,3,4,5층 모두 출입 통제]2024. 1. 12.(금)~28.(일) 천장 재시공 및 벽체 도장 공사□ 문과대학 사무실 임시 이전 안내석면 제거 공사 기간 동안 문과대학 행정팀 사무실을 임시 이전할 예정이오니, 이용에 참고하여 주시기 바랍니다.⋅ 위치: 윤동주기념관(핀슨관) 2층⋅ 기간: 2023. 12. 27.(수)~2024. 1. 29.(월)⋅ 이사 당일(2023. 12. 27.(수)~28.(목) 및 2024. 1. 29.(월))에는 민원 응대가 어려운 점, 양해 바랍니다.□ 사학과 사무실 임시 이전 안내석면 제거 공사 기간 동안 사학과 사무실을 임시 이전할 예정이오니, 이용에 참고하여 주시기 바랍니다.⋅ 위치: 위당관 414호⋅ 기간: 2023. 12. 29.(금)~2024. 1. 29.(월)⋅ 이사 당일(2023. 12. 29.(금) 및 2024. 1. 29.(월))에는 민원 응대가 어려운 점, 양해 바랍니다.※ 상기 기간은 공사 상황에 따라 변동될 수 있습니다."
사학과,[학부] 2022학년도 입학자 대상 <정보와기술> 영역 교과 필수 이수 안내,2023.12.15,https://history.yonsei.ac.kr/histroy/02_announce/notice.do?mode=view&articleNo=179570&article.offset=10&articleLimit=10,"안녕하세요 사학과 사무실입니다.학사제도운영위원회 의결(2020. 12. 10.)에 따라,2022학년도 입학자부터 대학교양<정보와기술> 영역 교과를필수로 이수하여야 합니다.문과대학 공통과목 중에서는 아래의 두 교과목이 대학교양 <정보와기술> 영역과 교차인정되므로 참고하여주시면 감사드리겠습니다.(교차인정 과목의 학점은 졸업이수학점에서는 한 번만 인정됨)HUM2038 디지털언어데이터와인문학HUM2039 인문학을위한코딩"
사학과,[문과대학 인문예술진흥사업단] 2024 인문인 동계 인턴십 참여자(학부생·대학원생) 모집 공고,2023.12.11,https://history.yonsei.ac.kr/histroy/02_announce/notice.do?mode=view&articleNo=179226&article.offset=10&articleLimit=10,"2024 인문인 동계 인턴십 참여자(학부생·대학원생) 모집 공고□ 목적▷ 문과대학 학부 대학생·대학원생 중 창업·스타트업에 관심 있는 자를 대상으로 2024년 동계 인턴십 프로그램(8주) 참여를 지원하고, 인턴십 지원에 필요한 서류와 면접 평가를 최소화하여 경력 및 이력에 대한 진입 부담을 완화하고자 함□ 지원 대상▷ 서울캠퍼스(신촌, 국제) 문과대학 제1전공 학부 대학생&대학원생, 학석사 연계과정 장학생도 참여가능(단, 학사 수료인 경우 참여 불가)- 졸업예정자도 채용연계형으로 참여 가능- 2023-2학기 재학생이어야 하며, 참여자는 2024년 2월 말까지 재학 중이어야 함□ 지원 내용▷ 겨울 방학(1,2월) 중 유망 스타트업*중기업 인턴 우대 채용□ 근무 기간▷2024년 1월 8일 ~ 2월 29일 총 8주(출퇴근 시간 및 근무 방식은 기업별 상이)□ 지원금 및 급여▷학부 최소 312만원 이상장학금 250만원 + 파견 기업 최소 62만원 + a (기업별)▷대학원 최소 402만원 이상장학금 340만원 + 파견 기업 최소 62만원 + a (기업별)□ 지원방법▷ 연세대 인문예술진흥사업단 홈페이지(humanart.yonsei.ac.kr) 공지 확인 후 제출 서류를 준비하여인문예술진흥사업단 이메일(humanart@yonsei.ac.kr)로 접수□ 일정▷ 접수: ~ 2023.12.20.▷ 서류 및 면접 심사: 2023.12.21. ~ 2023.12.29.▷ 최종 합격자 발표: 2023.12.29. ~ 2024.01.03. (기업별 상이)▷ 기업 채용 담당관 미팅: 2024.01.02 ~ 01.05. (대면/비대면)(위 일정은 계획이며 학사일정 및 기업 내부 일정상 변경될 수 있음)□ 기타사항▷ 근무환경과 지원에 관한 모든 사항은 홈페이지 공고 및 첨부 파일 확인□ 문의연세대학교 인문예술진흥사업단02-2123-7920humanart@yonsei.ac.krhttps://humanart.yonsei.ac.kr/"
사학과,[연세사학연구회] 제18회 연세사학연구회 학술발표회 (12.22),2023.12.07,https://history.yonsei.ac.kr/histroy/02_announce/notice.do?mode=view&articleNo=179069&article.offset=10&articleLimit=10,"안녕하세요, 사학과 사무실입니다.2023년 12월 22일 금요일 14시 <비파형 동검의 새로운 자료와 해석>을 주제로 학술발표회를 개최할 예정입니다.이번 행사는 대면으로 진행하며, 장소는 연세대학교 문과대학 100주년 기념홀(위당관 6층)입니다.연세사학연구회 총회는 학술발표회 이후 바로 이어서 진행합니다.여러분의 많은 관심과 참여를 부탁드립니다.감사합니다."
사학과,2024학년도 1학기 캠퍼스내/졸업예정자 복수전공 및 연계전공 신청 안내,2023.12.07,https://history.yonsei.ac.kr/histroy/02_announce/notice.do?mode=view&articleNo=179055&article.offset=10&articleLimit=10,2024학년도 1학기 캠퍼스내/졸업예정자 복수전공 및 연계전공 신청과 관련하여 안내드립니다.1. 전형별 주요 일정구분전형일정지원서 접수캠퍼스내 복수전공졸업예정자 복수전공연계전공2023. 12. 22.(금) ~ 12. 28.(목)서류 심사캠퍼스내 복수전공연계전공2024. 1. 9.(화) ~ 1. 15.(월)면접 심사졸업예정자 복수전공2024. 1. 18.(목)합격자 발표캠퍼스내 복수전공졸업예정자 복수전공연계전공2024. 1. 31.(수)2. 주요 안내사항: 붙임파일 참고
사학과,[문과대학] 외솔관 건물 내 음식물 반입금지 및 취식금지 안내 협조 요청,2023.11.27,https://history.yonsei.ac.kr/histroy/02_announce/notice.do?mode=view&articleNo=178450&article.offset=10&articleLimit=10,"안녕하세요, 사학과 사무실입니다. 문과대학으로부터 [외솔관 내 배달음식 반입금지 및 취식금지 안내 협조 요청]을 전달받아 안내드립니다. 내용은 아래와 같습니다.- - - - - - - - - - - -- - - - - - - - - - - -[(요약)외솔관 내 배달음식 반입금지 및 취식금지 안내 협조 요청]1. 문제사항: 배달량이 매우 많고 음식물 분리 배출이 되고 있지 않음. 종량제 봉투에 음식물을 함께 배출하는 행위는 범칙금 대상임.2. 협조사항: 건물 내 음식물 반입금지 안내- - - - - - - - - - - -- - - - - - - - - - - -자세한 사항은 첨부한 공문의 내용을 참고해주시기 바랍니다.감사합니다."
사학과,2024학년도 1학기 재입학 전형 안내,2023.11.20,https://history.yonsei.ac.kr/histroy/02_announce/notice.do?mode=view&articleNo=178121&article.offset=10&articleLimit=10,"2024학년도 1학기 재입학 전형 일정 및 요강을 안내드립니다.전형 일정은 아래와 같으며, 자세한 내용은 붙임파일을 참고해주시기 바랍니다.----------------------------------------------------------------------------------------[⑤ 전형 일정]1) 접수 기간:2023. 11. 27.(월) ~ 12. 8.(금) 오후 5시2) 접수처: 교무처 학사지원팀(학사포탈 시스템)3) 합격자 발표: 2023. 12. 29.(금)"
사학과,[문과대학] 2024학년도 1학기 캠퍼스내 소속변경 전형 안내,2023.10.12,https://history.yonsei.ac.kr/histroy/02_announce/notice.do?mode=view&articleNo=175810&article.offset=10&articleLimit=10,2024학년도 1학기 캠퍼스내 소속변경 전형 안내캠퍼스내 소속변경 원서 접수 후 지원자가 있는 경우 다음과 같은 일정으로 진행 예정이오니 참고해주시기 바랍니다.구분일정소속변경 지원서 접수10. 27.(금) ~ 11. 2.(목)소속대학(학과) 1차 심사11. 3.(금) ~ 11. 6(월)1차 심사결과 발표11. 8.(수)지원대학(학과) 면접11. 15.(수)최종 합격자 발표11. 29.(수)자세한 내용은 관련 공문을 참고해주시기 바랍니다.
사학과,[연세대학교 국학연구원] 연세대학교 제29회 용재학술상 수상기념강연 “Living with the Mongols: The first fifty years or so”(몽골족과 함께 살아온 반세기),2023.10.12,https://history.yonsei.ac.kr/histroy/02_announce/notice.do?mode=view&articleNo=175809&article.offset=10&articleLimit=10,"[연세대학교 국학연구원] 연세대학교 제29회 용재학술상 수상기념강연“Living with the Mongols: The first fifty years or so”(몽골족과 함께 살아온 반세기)< 모시는 글 >안녕하십니까?연세대학교 초대 총장이며 평생을 우리나라 고등 교육의 발전에 헌신하신용재 백낙준 박사의 학덕과 유지를 계승 발전시키기 위하여 제정한용재학술상의 제29회 수상자이신 에드워드 슐츠 교수님을 모시고""Living with the Mongols: The first fifty years or so"" (몽골족과 함께 살아온 반세기)의주제로 기념 강연을 갖고자 하오니 부디 오셔서 자리를 빛내 주시기 바랍니다.2023년10월국학연구원 원장 김 성 보"
사학과,2023학년도 2학기 학부 강의정보 공유를 위한 설문 실시 안내,2023.09.26,https://history.yonsei.ac.kr/histroy/02_announce/notice.do?mode=view&articleNo=174918&article.offset=20&articleLimit=10,"2023학년도 2학기 학부 강의정보 공유를 위한 설문 실시 안내2023학년도 2학기 학부과목의 강의정보 공유를 위한 설문을 아래와 같이 실시합니다. 수강하는 과목의 최종 설문 응답을 완료하여야 성적조회가 가능하오니, 모든 학생은 아래 안내에 따라 설문에 참여하여 주시기 바랍니다. 설문결과는 교수님께 수업개선 자료로 제공될 뿐 아니라, 여러분의 동료 및 후배들에게 교과목 선택을 위한 자료로 공개될 예정이오니, 최대한 성실하게 참여하여 주시면 감사하겠습니다.1. 설문 실시기간1차(중간)2차(최종)설문기간2023. 10. 20.(금) ~ 11. 2.(목)2023. 12. 22.(금) ~ 2024. 1. 4.(목)기준기간2023. 10. 20.(금) ~ 10. 26.(목)중간고사2023. 12. 29.(금) ~ 2024. 1. 4.(목)성적확인 및 변경기간※ 2차(최종) 설문에서 한 과목이라도 설문에 응답을 하지 않으신 경우 성적조회기간에해당학기 성적을 조회하실 수 없사오니 유의하여 주십시오.2. 설문 참여 방법학사포탈시스템에 접속 (http://portal.yonsei.ac.kr) ⇒ 로그인 (학번, 비밀번호 입력) ⇒ 학사정보시스템 ⇒ “학사행정” - ‘수업’탭 클릭 ⇒ ‘강의평가실시’ 클릭 ⇒ 각 수업별 ‘평가’버튼 눌러서 설문 진행3. 학생 공통 유의사항가. 2012학년도 2학기부터 강의정보 공유를 위한 설문과 관련하여 목적, 취지, 임하는 자세 등 주요 사항에 대한 안내 동영상을 시청하신 후 설문에 참여할 수 있습니다.나. 2014학년도 1학기부터 팀티칭 과목(교수자 3명 이하인 경우만 해당)에 대하여 교수 개별평가가 진행됩니다.다. 한번 저장한 응답은 수정할 수 없사오니, 설문 응답 전 교과목을 확인하여 주십시오.라. 강의정보 공유를 위한 설문 응답을 완료하여야만 성적조회기간 동안 성적을 조회할 수 있습니다.마. 학생들이 수강하는 한국어강의(원어강의 포함) 교과목은 “한국어”와 “영어” 중 선택하여 설문에 응답할 수 있습니다. (영문 설문을 원할 경우 로그인 시 “ENGLISH""를 선택)바. 2008학년도 2학기부터 영어강의 교과목은 반드시 영문 설문만 제공됩니다.사. 설문은 익명으로 처리되지만 성실하게 응답하여 주시고, 특히 주관식 문항 응답 시 예의에 벗어나는 표현은 자제하여 주시기 바랍니다.아. 실험·연습 조교 교과목을 수강하는 학생은 실험 관련 추가 설문을 응답해야 합니다.자. 온라인 교과목을 수강하는 학생은 온라인 강의 관련 추가 설문을 응답해야 합니다."
사학과,2023학년도 2학기 졸업앨범 사진촬영 관련 안내,2023.09.08,https://history.yonsei.ac.kr/histroy/02_announce/notice.do?mode=view&articleNo=173586&article.offset=20&articleLimit=10,"1. 대 상 자 : 2023년 8월, 2024년 2월, 8월 졸업 예정인 학부생※ 2024년 2월에 발간되는‘2024년도졸업앨범’에 수록하는 촬영입니다.2. 장 소- 실내 프로필 / 학사모 사진 : 학생회관 4층- 야외 프로필 : 본관 앞(언더우드관 앞)3. 일시 :2023년 9월 18일(월) ~ 22일(금)※ 우천시 예비일 : 9월 25일(월) ~ 27(수)4. 내 용 : 실내 프로필, 학사모, 야외 프로필 촬영 (학생증 지참)개별 예약후 실내 프로필, 학사모 사진, 야외 프로필 촬영※개인 사진만 촬영5. 유의사항-2학기 촬영은 예약제로 진행합니다. / 예약처 :sevencolor.co.kr/prepareReg.php- 예약 변경은 전날 오후 1시까지 반영합니다.- 예약 시 핸드폰 번호를 필수로 입력하셔야 합니다.- 졸업앨범비 납부에 대해 홈페이지 공지 확인하시기 바랍니다.- 졸업앨범 외 개인사진 구매 시 별도의 비용이 발생합니다.- 현장 상황에 따라 예약시간으로부터 1시간 정도 소요될 수 있습니다.- 문의 : 세븐칼라사진, 02-776-6666, (평일 9시 ~ 18시, 토/일 휴무)6. 졸업앨범비 납부1) 납부기간 : 2023년 9월 1일(금) ~ 15일(금)2) 졸업앨범비 :61,000원(육만 일천 원)3) 납부방법가. 졸업앨범비 계좌 입금 : 국민은행 817201-04-147733 이진우(세븐칼라사진)나. 계좌이체 시- “본인 성명+학번 뒤4자리 숫자(동명이인 확인을 위함)” 필히 기입 요망※ 예시 : 홍길동, 2019123456 → 홍길동3456 (미 기입 시 입금확인 불가)다. 현금인출기(ATM)에서 무통장 입금으로 입금하는 경우 입금 확인이 안될 수 있으므로반드시 영수증을 보관하시기 바라며 가급적 계좌이체를 해주시기 바랍니다.라. 졸업앨범비 납부 후 세븐칼라사진으로 연락해 주시기 바랍니다."
사학과,외솔관 및 위당관 대관 중지 안내 (2023.09.01.~09.15.),2023.08.31,https://history.yonsei.ac.kr/histroy/02_announce/notice.do?mode=view&articleNo=172760&article.offset=20&articleLimit=10,"2023-2학기 개강 후 2주간 문과대학 건물의 대관이 불가함을 안내드립니다.- 기간 : 2023. 9. 1.(금)~15.(금)- 장소 : 외솔관, 위당관 전체- 사유 : 개강 초 잦은 강의실 변경문과대학 건물을 이용해주시는 분들의 양해를 부탁드립니다."
사학과,2023학년도 학문후속세대 국제공동연구사업,2023.07.31,https://history.yonsei.ac.kr/histroy/02_announce/notice.do?mode=view&articleNo=170861&article.offset=20&articleLimit=10,"2023학년도 학문후속세대 국제공동연구사업 과제 공모1. 협조 요청사항: 소속 박사후연구원, 연구교수, 박사수료생에게 홍보 (학과 홈페이지 게시 등 (관련 링크))2. 사업 개요가. 사업명: 학문후속세대 국제공동연구사업 I나. 목적1) 학문후속세대 연구자에게 최신 연구동향 경험의 기회를 제공하여 국제적 연구 역량 함양 및 국제공동연구 네트워크 구축 지원2) 신진 연구자가 분석한 국내외 최신 R&D 동향 정보를 공유하여 연세 연구를 활성화 하고 연세 연구의 가치 제고다. 지원대상: 다음 각호의 조건을 모주 충족하는 연구자1) 연세대학교(신촌, 국제캠퍼스) 소속 박사후연구원(Post-doc), 연구교수, 박사수료생으로서2) 2023. 3. 1. ~ 2024. 1. 12. 기간 내 해외 연구기관 방문 또는 학회 참석 후3) 관련 최신 R&D동향 분석 보고서 제출 완료가 가능한 연구자라. 지원내용: 원고료 지급 (1매 당 최대 5만원, 1인 최대 3백만원)마. 신청제한1) 다른 교내·외 연구비, 각종 사업비 및 외부기관 등에서 동일 항목 중복 지원 불가2) 연간 1인 각 1회로 제한하며 예산 소진 시까지 지원3) 무단 복사, 표절 등은 실격 처리3. 신청방법가. 신청기간: 2023.5.3.(수) ~ 24.1.12.(금) 17:00까지나. 신청방법: 연구처 연구전략팀 공용메일(yresearch@yonsei.ac.kr)로 신청 서류 제출4. 문의처: 연구처 연구전략팀(담당자: 정하윤, 02-2123-6435, hyoon.jeong@yonsei.ac.kr)"
사학과,2023년 8월 학위가운 배부 관련 안내,2023.07.21,https://history.yonsei.ac.kr/histroy/02_announce/notice.do?mode=view&articleNo=170434&article.offset=20&articleLimit=10,"2023년 8월 학위가운 대여 관련하여 안내드립니다.아래 내용과 첨부 파일을 확인해주시기 바랍니다.감사합니다.----------------------------------------------------------------------------1. 대여 대상자: 2023년 8월 졸업대상자2. 주요 일정내용일정비고학위가운 필요수량 확인~ 7. 31.(월)- 전자우편으로 별도 안내 예정학위가운 배송8. 7.(월)~ 8. 18.(금)- 위탁관리업체에서 각 대학(원)으로 직접    배송 (문의: 춘추사, 02-312-6661)세탁보관료 납부 및학위가운 대여8. 21.(월)~ 8. 25.(금)- 각 대학(원) 신규 담당자는 정보통신처    정보개발팀(내선 6391)에 학위가운 관리    시스템 권한부여 요청 필요3. 유의 사항가. 배송 가운 중 미대여 수량은 최초 배송 상태(구겨지지 않고 옷걸이에 걸린 상태)    그대로 수거되도록 해주시기 바랍니다.나. 배송 수량과 대여 수량, 미대여 수량을 확인하여, 수거시 업체에 「붙임 2」확인서   를 제출하여 주시고, 한 부는 총무팀으로 제출하여 주시기 바랍니다.다. 학생 편의 및 인원 분산을 위해 공지된 기간보다 대여 기간을 연장거나 주말 대여   를 희망할 경우 각 대학(원) 재량으로 결정하시되, 총무팀과 사전 협의하여 주시기   바랍니다.(단, 대여시작일을 앞당기거나 세탁보관료 납부 기간을 조정하는 것을 불가함)"
사학과,[연세대학교 국학연구원·사학과] 정전 70주년 국학연구원 학술대회(23.07.21.),2023.07.17,https://history.yonsei.ac.kr/histroy/02_announce/notice.do?mode=view&articleNo=170187&article.offset=20&articleLimit=10,"안녕하세요,정전70주년을 맞이하여 연세대학교 국학연구원과 사학과가 공동 주최하는 학술 회의에 여러분을 초청합니다.초청의 말씀:연세대학교 국학연구원에서는 탈냉전·글로벌화의 시대를 맞이하여 민족·국가·체제 중심으로 진행되었던 기존 한국학을 성찰하고,한반도를 다중적 공간과 복합적인 역사의 열린 장소로 재설정함으로써 그 속에서 살아왔던 다양한 계층·집단·개인들의 삶을 탐색하고자 합니다.이번 학술대회에서는1953년 정전 협정 이후 현재까지 전개되었던 북한 인민·월남민(越南民)·이산가족·해외동포의 사회사를 다채롭게 분석함으로써,전후 복구·탈식민·국제 교류·해외 이주에 의해 형성된 한반도의 다중적 풍경들을 고찰할 것입니다.체제와 국경을 넘나드는이번 학술대회에 여러분을 초청합니다.주 제:비판적 한반도학의 탐색과 성찰:기억,재현,이산일 시: 2023년7월21일 금요일11:00~17:00장 소:연세대학교 문과대학100주년 기념홀(위당관6층)줌주소:us02web.zoom.us/j/86468301437?pwd=cVdkUzQyczd4RHNWVXpCeDE5K2VkUT09주 최:연세대학교 국학연구원,연세대학교 사학과"
사학과,[대학원] 2023학년도 2학기 재입학 안내,2023.07.14,https://history.yonsei.ac.kr/histroy/02_announce/notice.do?mode=view&articleNo=170075&article.offset=20&articleLimit=10,"2023학년도 2학기 대학원 재입학과 관련하여 안내드립니다.자세한 내용은 아래와 붙임파일을 참고해주시길 바라겠습니다.[2023학년도 2학기 대학원 재입학]가. 지원자격: 미등록, 휴학만료, 자원퇴학, 성적불량 제적자※학기만료 제적, 징계 제적자는 재입학 불가나. 제출서류: 재입학 신청양식(재입학신청서, 재입학청원서, 학업계획서), 성적증명서다. 제출기한:8/10(목)까지학과로 제출한 후연세포탈로 신청라. 유의사항: 재입학은 입학정원의 결원이 있을 때 1회에 한하여 허가하고 있으며 결원이 부족할 경우 재입학 승인이 불가할 수 있음."
사학과,[대학원] 2023학년도 2학기 휴복학 안내,2023.07.05,https://history.yonsei.ac.kr/histroy/02_announce/notice.do?mode=view&articleNo=169568&article.offset=20&articleLimit=10,2023학년도 2학기 대학원 휴학 및 복학기간을 안내드리오니 아래 내용 및 첨부파일을 확인해주시길 바라겠습니다.
사학과,[연세대 박물관] 한국구석기학회 단기 아르바이트 모집,2023.06.23,https://history.yonsei.ac.kr/histroy/02_announce/notice.do?mode=view&articleNo=168966&article.offset=20&articleLimit=10,"안녕하세요. 사학과 사무실입니다.연세대학교 박물관에서 <아시아 구석기학회 국제학술대회 행사> 단기 아르바이트를 모집한다고 하여 전달드립니다.자세한 내용은 아래 사항을 참고해주시길 바랍니다.● 모집인원 : 4명(추후 인원 추가될 수 도 있음)● 담당업무 : 아시아구석기학회 국제학술대회 행사 안내 및 지원● 근무기간 : 2023.8.19.(금) ~ 8.21.(월) 총 4일● 근무조건 : 09:00~18:00 (점심시간 12:00~13:00) ※교통 및 숙식 제공● 근 무 처 : 순천 생태문화교육원 회의장 (전라남도 순천시)● 급    여 : 일급 100,000원(시급 12,500원*8시간)● 제출방법 : kolithic13@naver.com (메일로만 접수)● 제출내용 : 이름 및 연락처"
사학과,[연세사학연구회] 제17회 연세사학연구회 학술발표회(23.06.30.),2023.06.13,https://history.yonsei.ac.kr/histroy/02_announce/notice.do?mode=view&articleNo=168166&article.offset=20&articleLimit=10,"안녕하세요 사학과 사무실입니다.2023년 6월 30일 금요일 오후 1시 <식민지 근대의 미디어와 상징>를 주제로 학술발표회를 개최할 예정입니다.이번 행사는 대면으로 진행하며, 장소는 연세대학교 문과대학 100주년 기념홀(위당관 6층)입니다.연세사학연구회 총회는 학술발표회 이후 바로 이어서 진행합니다.여러분의 많은 관심과 참여를 부탁드립니다.감사합니다."
사학과,"2023학년도 2학기 캠퍼스내 복수전공, 졸업예정자 복수전공, 캠퍼스내 연계전공 신청 안내",2023.06.08,https://history.yonsei.ac.kr/histroy/02_announce/notice.do?mode=view&articleNo=167790&article.offset=30&articleLimit=10,"2023학년도 2학기 캠퍼스내 복수전공, 졸업예정자 복수전공, 캠퍼스내 연계전공 신청과 관련하여 아래와 같이 안내드립니다.1. 전형별 주요 일정구분전형일정지원서 접수캠퍼스내 복수전공졸업예정자 복수전공연계전공2023. 6. 22.(목) ~ 6. 28.(수)서류 심사캠퍼스내 복수전공연계전공2023. 7. 11.(화) ~ 7. 17.(월)면접 심사졸업예정자 복수전공2023. 7. 18.(화)합격자 발표캠퍼스내 복수전공졸업예정자 복수전공연계전공2023. 7. 31.(월)2. 주요 안내사항: 붙임파일 참고"
사학과,학술문화처 기록관리팀 단기아르바이트 모집(~5.19.),2023.05.17,https://history.yonsei.ac.kr/histroy/02_announce/notice.do?mode=view&articleNo=166487&article.offset=30&articleLimit=10,"안녕하세요. 사학과 사무실입니다.학술문화처로부터 기록관리팀 단기 아르바이트를 모집한다고 전달받아,관련 내용을 전달드리고자 공지를 드립니다.흥미가 있으신 학우분께서는 아래 내용을 참고하시고 신청해주시면 감사드리겠습니다.감사합니다.--------------------------------------------------------------------------------------------------------------------------학술문화처 기록관리팀 단기아르바이트 모집(~5/19)● 모집인원 : 2명● 담당업무 : 이관기록 목록 작성, 서가 배치● 자격요건 : 본교생 (재학생, 휴학생, 졸업생)/ 최소 2일 이상 근무가능한 자● 근무기간 : 2023.5.22.(월) ~ 5.31.(수)/ 근무날짜 협의 가능● 근무조건 : 월~금 09:00~17:00 (점심시간 12:00~13:00)● 근 무 처 : 연세삼성학술정보관 728호● 급    여 : 시급 11,000원 (주휴수당 없음)● 제출방법 : archives@yonsei.ac.kr (메일로만 접수)● 제출내용 : 이름/학번/휴대폰번호/근무가능 일시 작성(필수)신청 메일archives@yonsei.ac.kr담당자02-2123-3343아르바이트에 지원하고 싶은 학생은 5월 19일까지archives@yonsei.ac.kr로이름/학번/연락처 적어서 보내주세요."
사학과,2023학년도 2학기 재입학 전형 안내,2023.05.10,https://history.yonsei.ac.kr/histroy/02_announce/notice.do?mode=view&articleNo=165999&article.offset=30&articleLimit=10,"2023학년도 2학기 재입학 전형 일정 및 요강을 안내해드리오니 자세한 내용은 아래를 참고해주시길 바라겠습니다.2023학년도 2학기 재입학 전형 요강1재입학 지원 자격대상미등록, 미복학, 성적불량(제적일로부터 2년 경과된 자), 학기초과, 자원퇴학 제적자2모집 단위교육학과 및 약학과를 제외한 전 학과 약간 명1) 교원양성학과는 결원 학년 및 학번에 따라 신청 가능(2015학번 이후 체육교육학과 3,4학년)2) 폐지된 법학과의 경우 행정학과에 한하여 재입학 신청 가능3) 의과대학, 치과대학, 간호대학 학생은 소속대학 행정팀에 신청 가능 여부를 확인하여야 함3전형 방법1) 1단계: 학사지원팀 심사2) 2단계: 대학별 심의위원회 심사(해당 대학·학과)3) 3단계: 재입학 심의위원회 심사※ 필요에 따라 학과에서 시험을 부가할 수 있음※ 위 심사과정에서 하나라도 불가(不可)이면 재입학이 허가되지 않음4제출 서류학사포탈시스템을 통해 청원서, 서약서, 학업계획서, 학적증명서 제출5전형 일정1) 접수 기간: 2023. 5. 30.(화) ~ 6. 9.(금) 오후 5시까지2) 접수처: 교무처 학사지원팀(학사포탈 시스템)3) 합격자 발표: 2023. 6. 29.(목)6유의사항1) 재입학 후 첫 학기는 반드시 등록하여야 하며, 일반휴학 할 수 없음2) 재입학 이전의 재학기간, 학사경고 등의 학적사항, 취득학점 및 성적을 통산함- 재입학 전 일반휴학을 모두 활용한 학생은 재입학 후 일반휴학 할 수 없음- 재학연한은 이전 이수학기를 포함하여 12학기(당초입학생 기준)이며 이를 초과하는 경우 학기초과로제적됨. 단, 학기초과로 제적되었던 학생이 재입학하는 경우 최대 16학기(3학년 편입생은 최대 8학기)까지 재학할 수 있음.- 재입학 전 학사경고 사항은 유효하며 횟수를 누적 적용함. 단, 성적불량으로 제적되었던 학생이재입학하는 경우 학사경고 1회만 받아도 제적됨3) 재입학은 1회에 한하여 허용함(재입학 합격 후 포기 시 재입학을 다시 할 수 없음)4) 재입학 합격 후 학기 개강 전까지는 계절학기를 수강할 수 없음5) 재입학 후 소속변경 할 수 없음----------------------------------------------------------------------------------------------------------------------------■ 재입학 전형 세부 일정표구분일정지원서류 접수5. 30.(화) ~ 6. 9.(금)소속대학 심의위원회 심사6. 13.(화) ~ 6. 16.(금)재입학 심의위원회 심사6. 20.(화) ~ 6. 23.(금)합격자 발표6. 29.(목)"
사학과,[학부] 2023년도 1학기 졸업앨범 촬영 일정 관련 안내,2023.04.25,https://history.yonsei.ac.kr/histroy/02_announce/notice.do?mode=view&articleNo=165102&article.offset=30&articleLimit=10,"< 2023-1학기 졸업앨범 촬영 일정 안내 >1학기는 예약제가 아니며, 학과별 촬영으로 진행합니다.학과별 개인 촬영 후 단체 촬영이 있으니, 촬영 장소에 대기하여 주십시오.1. 촬영 대상 : 2023년 8월, 2024년 2월, 8월 졸업예정인 학부생▶ 2024년 2월에 발간되는 ‘2024년도 졸업앨범’ 에 수록되는 촬영입니다.2. 촬영 내용 및 장소1) 실내 : 학생회관 4층, 09:00 ~ 16:00- 실내 프로필, 학사모 사진2) 야외 : 본관(언더우드관) 앞, 10:00 ~ 16:50- 야외 프로필, 학과별 단체 사진 (학생증 지참)3. 촬영방법 : 학과별 촬영 일자에 참석하여 촬영- 사학과 : 5월 9일(화) 실내 11:00, 야외 13:004. 유의 사항-우천 예보가 있을 시,촬영 전날15시 기준으로 학교 및 세븐칼라사진 홈페이지 공지 확인- 졸업앨범비 납부에 대해 홈페이지 공지 확인- 졸업앨범 외 개인 사진 구매 시 별도 비용 발생- 현장 상황에 따라 촬영이 지연될 수 있음.- 기타문의 : 세븐칼라사진, ☎ 02-776-6666 (평일 10:00 ~ 18:00)"
사학과,2024학년도 교직과정 이수예정자 선발(4/26~5/4),2023.04.20,https://history.yonsei.ac.kr/histroy/02_announce/notice.do?mode=view&articleNo=164822&article.offset=30&articleLimit=10,"2024학년도 교직과정 이수예정자 선발 전형을 아래와 같이 시행하오니 자세한 내용은 아래와 첨부파일을 참고해주시길 바랍니다.<2024학년도 교직과정 이수예정자 선발 전형 안내>가. 대상: 교직과정 설치학과 중 이수한 학기가 2,3,4학기인 자(휴학생 포함)대 학교직과정 설치학과문과대학전 학과이과대학수학, 물리, 화학, 지구시스템과학생명시스템대학시스템생물학, 생화학인공지능융합대학컴퓨터과학신과대학신학사회과학대학사회학음악대학성악, 피아노, 관현악, 작곡생활과학대학의류환경학, 식품영양학, 아동․가족학간호대학간호학나. 신청기간: 2023. 4. 26.(수) ~ 5. 4.(목)다. 신청방법: 연세포탈 → 학사행정 → 교직 → 교직이수신청 메뉴에서 온라인 지원서 작성 및 제출"
사학과,[문과대학] 2023학년도 2학기 캠퍼스내 소속변경 전형 안내,2023.04.14,https://history.yonsei.ac.kr/histroy/02_announce/notice.do?mode=view&articleNo=164452&article.offset=30&articleLimit=10,1. 캠퍼스내 소속변경 원서 접수 후 지원자가 있는 경우 다음과 같은 일정으로 진행 예정이오니 참고해주시기 바랍니다.구분일정비고소속변경 지원서 접수4. 27.(목) ~ 5. 3.(수)소속대학(학과) 1차 심사5. 4.(목) ~ 5. 8(월)학사포탈 시스템을 통해 충족여부 회신1차 심사결과 발표5. 10.(수)지원대학(학과) 면접5. 17.(수)최종 합격자 발표5. 31.(수)자세한 내용은 관련 공문을 참고해주시기 바랍니다.
사학과,[대학원] 2023학년도 신동욱 해외유학 장학생 추천(~5.4.(목)),2023.04.14,https://history.yonsei.ac.kr/histroy/02_announce/notice.do?mode=view&articleNo=164415&article.offset=30&articleLimit=10,"안녕하세요. 사학과 사무실입니다.문과대학으로부터 2023학년도 신동욱 해외유학 장학생 추천과 관련하여 전달받아,대상자이신 사학과 박사과정 선생님들께 이를 안내드리고자 메일드립니다.선발인원은 총2명이며, 장학금액은1년(2학기)동안 총2,000만원을 수혜받으실 수 있습니다.(매 학기별(8월, 2월)로 지급)또한 장학금을 수혜하신 분은장학금 수혜기간 종료 후3개월 이내에 연구결과보고서 또는 연구논문1편을 제출하고,학위취득 후 학위논문을 제출하셔야 합니다.관심있으신 분께서는5월 4일(목)까지문과대학 행정팀(외솔관 101-1호)으로 아래 기재된 서류들을 제출해주시면 감사드리겠습니다.관련 내용은 학과 홈페이지 공지사항에도 게시될 예정이며,자세한 사항은 아래 내용과 첨부파일을 참고해주시면 감사드리겠습니다.-------------------------------------1. 선발대상:본 대학원 박사과정 연구등록 학기에 있는 학생 중 해외 대학 및 연구기관에서1년 이상의 연구를 진행하고자 하는 학생2.심사 및 선발확정: 2023년7월3.선발인원 및 지원규모-2명(1년)_1년(2학기)동안2,000만원을 지급하되,매 학기별(8월, 2월)로 지급한다.4.지원자격가. 대한민국 국적을 보유한 자,나.학사 및 석사학위과정을 취득한 자다.본 대학원 박사과정 연구등록학기에 있는 자5.지원서류가.신동욱해외유학 장학생 지원서나.지도교수 추천서다.연구계획서 및 해외연구기관 동의확인서라.이력서마.자기소개서(연구성과 목록 첨부)바.대학 및 대학원 성적증명서,석사학위논문사.각종 입상실적 및 연구실적을 증명할 수 있는 증빙서류6. 제출기한 및 제출처 :  5월 4일(목)까지 _ 문과대학 행정팀(외솔관 101-1호)7.장학생 의무사항가.장학금 수혜자는 장학금 수혜기간 종료 후3개월 이내에 연구결과보고서 또는 연구논문1편을 제출하고,학위취득 후 학위논문을 제출하여야 한다.나.장학금 수혜자는 본교에서 최종 박사학위를 취득해야 한다.취득하지 못할 경우 장학금 전액(1년분)을 반환한다.[붙임0] 관련 공문[붙임1] 선발요강[붙임2] 지원서 서식[붙임3] 지도교수 추천서 서식[붙임4] 이력서"
사학과,[대학원] 2023 UCLA 펠로십 모집 (국학연구원),2023.04.11,https://history.yonsei.ac.kr/histroy/02_announce/notice.do?mode=view&articleNo=164214&article.offset=30&articleLimit=10,"한국학전공 대학원생 펠로십 모집공고연세대학교 국학연구원과 UCLA 한국학센터는 한국학 차세대 연구역량의 양성을 위해 한국학 전공 대학원생들의 상호 교환 프로그램을 진행하기로 한 바 아래와 같이 2023학년도 해당 학생을 선발하려고 합니다.해당 대학원생들의 많은 응모를 바랍니다.1. 지원자격연세대학교 대학원에서 한국학 전공 및 한국관련 전공 재학생(인문,사회과학 전분야)2, 지원 조건- 국학연구원은 1명의 장학금 수혜자를 선발한다.(한 학기 800만원씩 1년에 1600만원의 장학금 지급)- 장학금 수혜자는 연구결과를 학술논문 형태로 발표(학위논문 포함)해야 하며, 학점 취득의무는 없다.- UCLA 체류 일정은 2023년 가을 학기(9월)부터 1년간 예정3. 제출 서류가. 지원서 1부 (붙임 1)나. 재학증명서 및 성적증명서 각 1부다. 영어공인성적표 1부 (아래 조건 중 해당하는 성적표 제출)1) TOEFL IBT 87점 or PBT 560점 (2년 이내 성적)2) IELTS 7 이상 (2년 이내 성적)라. 연구 계획서 (학위논문 계획서 대체 가능) 1부 - 한글 또는 영문마. 지도교수 추천서 1부바. 개인정보의 수집 및 이용 동의서 1부 (붙임 2)4. 제출 기한2023년 4월 11일(화)~4월 20일(목) <선발자에게는 개별통지함>5. 제출처03722 서울 서대문구 연세로 50 연세대학교 국학연구원(E-mail: yskh@yonsei.ac.kr)6. 선발과정 :서류 및 면접심사7. 문의처 :TEL. (82-2)-2123-3502 FAX. (82-2)-2123-3499"
사학과,[학부] 2023년도 1학기 대학배정 장학금 지급 내규 공지,2023.03.08,https://history.yonsei.ac.kr/histroy/02_announce/notice.do?mode=view&articleNo=161425&article.offset=30&articleLimit=10,"안녕하세요. 사학과 사무실입니다.이번 2023년도 1학기 대학배정장학금 지급과 관련하여,사학과의 지급기준 내규를 공지해드립니다.자세한 사항은 아래 내용을 참고해주시면 감사드리겠습니다.감사합니다.------------------------------------------------------------------------1. 진리(성적우수)장학생1) 직전학기 성적 3.75 이상 대상자 중 성적순으로 추천- 2023-1학기의 경우 성적 우수자 다수로 성적 4.25 까지 추천2) 전체학기 평량평균을 고려하여 학기순으로 추천3) 생활 환경 및 형편을 고려하여 추천2. 자유(가계곤란) 장학생(국가장학금 지급 소득분위까지 적용)1) 국민기초생활수급자 우선 추천2) 차상위계층 우선 추천3) 생활환경 및 형편을 고려하여 추천4) 직전학기 성적 3.0 이상 대상자 중 추천을 원칙으로 함------------------------------------------------------------------------"
사학과,[대학원] 2023학년도 1학기 재학생 등록 안내,2023.02.14,https://history.yonsei.ac.kr/histroy/02_announce/notice.do?mode=view&articleNo=159716&article.offset=30&articleLimit=10,2023학년도 1학기 재학생 등록 관련해 안내드립니다.
사학과,[대학원] 2023학년도 1학기 휴복학 안내,2023.02.07,https://history.yonsei.ac.kr/histroy/02_announce/notice.do?mode=view&articleNo=159241&article.offset=40&articleLimit=10,"2023학년도 1학기 대학원 휴학 및 복학기간을 안내드리오니 아래 내용 및 첨부파일을 확인해주시길 바라겠습니다.가. 신청 및 승인 기간구분학생 신청기간학과 승인기간신청 및 승인 절차휴학미등록자2. 1. (수) 9:00 ~ 3. 15. (수) 17:00신청기간 동안 수시 승인학생신청(학사포탈)학과승인대학원승인등록자2. 1. (수) 9:00 ~ 5. 15. (월) 17:00*질병, 출산사유는 6.1. (목)까지 신청 가능복학1차2. 1. (수) 09:00 ~ 2. 12. (일) 17:002. 13. (월)까지수시 승인2차2. 13. (월) 09:00 ~ 2. 22. (수) 17:002. 22. (수)까지 수시 승인3차2. 23. (목) 09:00 ~ 3. 3. (금) 17:003. 3. (금)까지수시 승인* 일부 경우를 제외하고, 복학 신청은 별도 절차 없이 자동으로 승인 (붙임 1 참고)나. 참고 및 유의사항1) 신입생, 재입학생은 입학 및 재입학 후 첫 1학기 동안 휴학할 수 없음(단, 입대휴학 및 육아휴학, 그리고 건강상의 사유로 진단서를 첨부하여 신청한 일반휴학의 경우는 신청 가능)2)장학금 수혜자는 학과 또는 대학을 통해 장학금 취소(반환) 후 휴학신청 가능3) 휴학한 학기에는 자격시험 결과를 보고 및 연구계획서를 제출할 수 없음4)학사포탈에서 휴학∙복학 신청이 안되는 학생은 신청양식(붙임3, 4)을 작성하여 학과승인을 받은 후 대학원 교학팀(스팀슨관 201호)로 방문 제출 혹은 이메일(gradsys@yonsei.ac.kr)로 제출해야 함.※ 미래캠퍼스에 학과가 있는 학생은 ‘미래캠퍼스 대학원 행정지원팀’으로 제출하기 바람(문의:033-760-5032)5)학․연․산및계약학과학생은재직 기관의 승인이 있어야 휴학, 복학이 가능하며 관련증빙이 제출돼야 함"
사학과,[학부] 2023학년도 용운장학재단 장학생 선발(~2.2.),2023.01.25,https://history.yonsei.ac.kr/histroy/02_announce/notice.do?mode=view&articleNo=158435&article.offset=40&articleLimit=10,"안녕하세요. 사학과 사무실입니다.용운장학재단에서 2023학년도 3학년 1학기 등록예정자를 대상으로 제 36기 장학생을 선발하오니,관심있으신 학우분들께서는 아래 내용과 첨부파일을 확인하시고 신청해주시면 감사드리겠습니다.감사합니다.------------------------------------------------------------------------가. 선발 조건:1) 2023학년도 3학년 1학기 등록 예정자2) 전 학기 평균 성적이 3.8 이상인 학생3) 국가장학금 및 교외장학금 수혜 받지 못한 학생(이중수혜자 추천 불가)나. 장학 금액:매 학기 사백만원(선발 이후 학부 2년간 장학금 수혜 예정)다. 제출 서류:1) 용운정학생 신청서/자기소개서 1부2) 개인정보 수집 이용 제공 동의서 1부3) 전 학년 성적 증명서 1부4) 증명사진(3X4) 2매기타 자세한 사항은 붙임 양식 및 재단 홈페이지 등(http://www.yongwoon.co.kr, 담당자 02-449-0091)을 참고하여 주시기 바랍니다.라. 제출 방법 : 문과대 행정실 (외솔관 101-1호)라. 유의 사항: 서류 제출 이후 장학심의위원회의 선발 심사과정에서 선발되지 않을 수 있으며, 정부 및 대학 등 기타 재단의 장학금을 수혜할 경우 장학금을 반환해야 함"
사학과,외솔관 및 위당관 대관 중지 안내 (2023.1.17.~2.17.),2023.01.18,https://history.yonsei.ac.kr/histroy/02_announce/notice.do?mode=view&articleNo=158206&article.offset=40&articleLimit=10,"2023-1학기 대면 수업을 위한 강의실 점검으로 외솔관 및 위당관 대관이 중지됨을 알려드립니다.- 기간 : 2023. 1. 17.(화) ~ 2.17.(금)- 장소 : 외솔관 및 위당관 전체- 사유 : 대면수업을 위한 강의실 점검아울러 2023. 1. 16(월)까지 신청한 대관 건 중 승인된 건은 신청 내용대로 사용하실 수 있습니다.단, 이는 일반 학생들을 대상으로 한 대관 중지 입니다.학과 사무실에서 필요한 대관은 신청이 가능하니 참고 부탁드립니다."
사학과,[학부] 2023학년도 1학기 성련장학재단 신규장학생 선발,2023.01.10,https://history.yonsei.ac.kr/histroy/02_announce/notice.do?mode=view&articleNo=157709&article.offset=40&articleLimit=10,"안녕하세요. 사학과 사무실입니다.성련장학재단에서 2023-1학기 2~3학년 학부생을 대상으로 장학생을 선발하오니,관심있으신 학우분들께서는 아래 내용과 첨부파일을 확인하시고 신청해주시면 감사드리겠습니다.감사합니다.--------------------------------------------------------------------------------------------------------------------1. 추천기준:1) 2023학년도 1학기 기준 2~3학년 학생 (재추천의 경우 4학년 가능)2) 2023-1학기 등록예정 학생으로 전체학기 성적이 3.30/4.30 이상인 자3)부/모 연간 소득 합산 60,000,000원 이하/ 월 건강보험료 합산 160,000원 이하/ 연간 순 재산세 합산 450,000원 이하4) 자격제한자* 8학기를 초과한 경우* 12학점 미만을 이수한 학기가 있는 경우* 기초생활수급자 또는 교환학생 및 휴학예정자는 지원불가2. 장학금액: 2023-1학기 등록금 전액3. 선발방법:학생 본인 문과대학 사무실로 장학금 신청 (~1/13(금))-> 문과대학에서 2명추천  -> 재단에서 서류 심사 및 최종 장학생 선정4. 장학금 신청 서류*모든 서류(1)~8))는 출력본(원본)으로 문과대학 사무실로 접수 (방문 또는 등기우편 기한 도착분 유효)*접수처: (03722) 서울특별시 서대문구 연세로 50, 외솔관 101-1호 문과대학사무실 장학담당자 앞1) 장학생 지원서, 추천서, 신청서, 개인정보수집동의서 각 1부. (붙임#1~4)*추천서: 추천인(지도교수 또는 수강 강의 담당 교수)당 추천학생 1명만 작성 가능 / 추천인께서 직접 작성 및 서명(도장날인)한 추천서만 접수 가능*장학금 지원서, 신청서 상 모든 사항은 빠짐없이 기재하여야 하며,특히 보호자 소득액, 주거상황, 재산현황, 가계소득, 가족사항 등은 부모 소득증빙자료, 과세증명서 등 아래 공식증빙서류를 발급받아 정확히 기재할 것.*소득 등 위 가계곤란 추천기준에 만족하지 않을 시 장학생 탈락되므로 자격요건을 정확히 확인 요망.2) Essay (자기소개, 학습계획, 진로, 장학금신청사유 등 자유양식, A4 2쪽 이내)3) 전 학년 성정증명서 1부4) 주민등록등본 1부, 가족관계증명서 1부5) 부/모의 2022년도 소득증빙자료 각 1부* 급여생활자: 급여명세서, 자영업자: 소득금액증명(세무서), 소득없는 경우: 사실증명(세무서)* 부/모의 소득증빙서류를 누락없이 모두 제출하여 주시기 바랍니다.6) 부/모의 최근 2년간 지방세 세목별 과세증명서(주민센터 발급) 각 1부7) 부/모의 건강보험증 사본 및 2022년도 1년간 건강보험료 납부 확인서 각 1부8) 기타추가서류(해당자): 부채증명서, 전월세계약서, 공인외국어성적표, 장애인증명서 등"
사학과,[학부] 2023학년도 성옥문화재단 신규 장학생 추천,2023.01.10,https://history.yonsei.ac.kr/histroy/02_announce/notice.do?mode=view&articleNo=157708&article.offset=40&articleLimit=10,"안녕하세요 사학과 사무실입니다.성옥문화재단에서 2023학년도 장학생을 선발하오니,관심있으신 학우분들께서는 아래 내용을 참고하시어 신청해주시면 감사드리겠습니다.감사합니다.-----------------------------------------------------------------------------------------------------가. 선발 대상: 문과대학 3학년 1명나. 자격 요건:1) 출신 지역이 전라남도 및 광주광역시, 본적 또는 현재 5년 이상 부모의 거주지 기준2) 2022년도 부모 합산 건강장기요양 보험료 월 평균 40만원 이하 납부3) 직전학년 성적 평균 B학점 이상다. 장학금액: 2023학년도 등록금 전액라. 제출서류:1) 학과추천서 1부(개별적으로 총장 직인 날인 필요)2) 재학증명서 1부3) 성적증명서 1부4) 2022년도 건강 장기요양보험료 납부확인서(12월분까지 확인 가능할 것)5) 건강보험증 사본 1부(자격확인통보서로 대체 가능)6) 추가서류(가, 나 중 한 가지만 제출)가) 거주지 기준 지원: 주민등록등본 1부(1) 현재 기준으로 5년 이상 거주 기록이 확인 되어야 함(2) 부모와 학생이 등본에 함께 등재게 되어있지 않을 경우 가족관계증명서 첨부나) 본적지 기준 지원: 가족관계증명서 1부7) 자기소개서(자유 서술형) 1부8) 성옥장학생 신상카드 1부마. 제출기한: 2022.117(화)까지 문과대 행정팀(외솔관 101-1호)으로  서류 원본 제출바. 기타사항:1) 선정통보일: 2023.2.16.(목)2) 성옥장학금 전달식: 2023.3.10.(금) 14시 예정링크 참조https://libart.yonsei.ac.kr/libart/board/notice.do?mode=view&articleNo=157497&article.offset=0&articleLimit=10"
사학과,[기한연장][학부/대학원] 관정 이종환교육재단 장학생 모집,2023.01.10,https://history.yonsei.ac.kr/histroy/02_announce/notice.do?mode=view&articleNo=157707&article.offset=40&articleLimit=10,"안녕하세요. 사학과 사무실입니다.관정이종환교육재단에서 2023학년도 장학생을 모집하오니,관심있으신 학우분들의 많은 참여 부탁드립니다.자세한 사항은 아래 내용과 첨부파일을 참고해주시면 감사드리겠습니다.-------------------------------------------------------------------------------------------------------------------1. 문과대학 추천 인원: 1명2. 선발 절차1) 학생 지원 (~2023년 1월 13일 (금) 14:00)(기간 연장)2) 단과대학 -> 대학원 추천 (~2023년 1월 18일(수))3) 대학원 심사 후 재단으로 추천 (~2023년 3월 8일(수))4) 재단 서류전형 합격자 통보 (2023.03. 넷째 주)5) 재단 면접 (2023.04. 첫째 주)6) 재단 최종 장학생 선발 (~2023년 4월 21일(금))3. 선발대상: 일반대학원 2022학년도 2학기 입학생 및 2023학년도 전기 신입생4. 장학금액: 매학기 550만원 (최대 4학기)5. 지원자격: 붙임 선발 계획 6페이지 참고 (공통자격 및 대학원생 지원자격을 모두 만족하여야 함)6. 지원방법 및 제출서류: 아래 서류 원본을 2023년 1월 9일(월) 14:00까지 문과대학 사무실 장학담당자 앞으로 제출* 접수처: 서울특별시 서대문구 연세로 50, 연세대학교 외솔관 101-1호 문과대학 사무실 (02-2123-2253)* 방문접수 및 등기우편 모두 가능하나, 등기우편의 경우 위 기한까지 도착분에 한함.* 작성방법 등 붙임 선발 계획 참고* 양식다운로드 : http://www.ikef.or.kr→장학생선발→선발게시판→자료실 (회원가입 필요)1) 지원서(재단양식) 원본 1부 및 사본 2부2) 자기소개서 1부(재단양식)3) 지도교수 추천서 1부(재단양식, 봉인하여 제출)4) 학업 관련 증빙서류(전과정 평균평점이 4.5 기준 4.0 이상인자)※ 성적증명서 원본 제출시4.5 환산표기된 성적증명서 제출(백분위 점수 표기 포함)◾ 석사 및 석박사통합과정고등학교 전과정 학교생활세부사항기록부 사본 1부학부과정(전학년) 성적증명서 원본 1부학부과정 졸업증명서 원본 1부대학원 석사과정 재학증명서 원본 1부(최종 추천자에 한하여 대학원 교학팀에서 개별 연락하여 접수 예정)◾ 박사과정고등학교 전과정 학교생활세부사항기록부 사본 1부학부과정 및 석사과정(전학년) 성적증명서 원본 각 1부학부과정 및 석사과정 졸업증명서 원본 각 1부대학원 박사과정 재학증명서 원본 1부(최종 추천자에 한하여 대학원 교학팀에서 개별 연락하여 접수 예정)5) 어학능력증명서 사본 1부(추후 원본을 제출하여야 하며, 2020년 11월 1일 이후 취득한 성적에 한하여 인정함)6) 각종 활동 및 자격에 대한 증빙서류 각 1부(모든 입상실적 및 연구실적, 활동 및 경험 등에 대한 증빙서류 제출)◾ 장학금수혜내역, 수학능력, 자격사항, 교내외 각종활동, 수상내역, 연구내역◾ 기타 : 자신의 진로, 생각, 가치관 등에 크게 영향을 주었다고 판단되는 활동 등7) 주민등록등본 1부8) 가족관계증명서 1부9) 개인정보 수집·이용 동의서 1부(재단 양식)10) 공개선발 증빙자료(공지사항 화면 캡쳐 파일 등)기타 자세한 사항은 붙임선발계획 및 지급 규정을반드시 참고하여 주시기 바랍니다."
사학과,[대학원/장학] 2023학년도 용운 장학재단 장학생(국내 석사 / 외국인 박사) 선발 (~23.1.20. 15:00),2023.01.04,https://history.yonsei.ac.kr/histroy/02_announce/notice.do?mode=view&articleNo=157341&article.offset=40&articleLimit=10,"2023학년도 용운 장학재단 장학생을 아래와 같이 선발하오니 관심있는 대학원생의 많은 지원 바랍니다.---------석사과정 국내 장학생---------1. 장학생 선발 절차학생 지원(2023.1.20.(금) 15:00) -> 지원에 대해 문과대 심사 및3명추천 -> 대학원 검토 및 재단 추천-> 재단에서 최종 서류 및 면접 평가 후 선발 (면접대상자 개별통지)2. 선발 대상 (아래 요건을 모두 충족해야 함)1) 2023년 2월 학부 졸업예정자 중 2023학년도 전기 대학원 석사과정(석박통합과정 제외) 입학이 확정된 자 (등록필)2) 학부 전 학년 성적이 (3.6/4.3이상 또는 3.8/4.5이상)3) 봉사정신이 충만하며 장차 미래학자로 성장할 수 있는 유능한 학생4) 경제적 도움이 필요한 학생※ 교내외 타 장학금과 중복수혜 불가 (정부 및 소속대학 등 기타 사설장학재단의 장학금을 수혜할 경우 장학 혜택 취소 및 장학금을 전부 또는 일부 반환하여야 함에 유의)3. 장학금액 : 학기당 500만원(4학기)4. 지원방법:지원하고자 하는 학생이 개별적으로 아래 제출서류 일체를2023.1.20.(금) 오후 3시까지문과대학 사무실 장학담당자 앞으로 접수※ 모든 서류는 출력본(원본)으로 제출하여야 함.※ 방문 또는 등기제출: 서울특별시 서대문구 연세로 50, 연세대학교 외솔관 101-1호5. 제출서류1) 용운장학생 신청서(소정양식) 1부2) 지도교수 추천서(소정양식) 1부3) 자기소개서(소정양식) 1부4) 개인정보‧수집‧제공 동의서(소정양식) 1부5) 출신대학교 전 학년 성적증명서 1부.6) 학업 또는 연구계획서(자유양식) 1부.7) 주민등록등본 1부.8) 증명사진(3X4) 3매기타 자세한 사항은 붙임 양식 및 재단 홈페이지 등(http://www.yongwoon.co.kr, 담당자 02-449-0091)을 참고하여 주시기 바랍니다. (문과대학 문의: 장학담당자 02-2123-2253)------------------------------------------------------------------------------------------------------------------------------------------------------박사과정 외국인 장학생(한국학계열 전공)---------1. 장학생 선발 절차학생 지원(2023.1.20.(금) 15:00) -> 지원에 대해 문과대 심사 및 3명 추천 -> 대학원 검토 및 재단 추천 -> 재단에서 최종 서류 및 면접 평가 후 선발 (면접대상자 개별통지)2. 선발 대상 (아래 요건을 모두 충족해야 함)1) 외국인 유학생으로서 2023학년도 전기 대학원 박사과정(한국학계열 전공자) 신입생 (등록을 필한 자)※ 한국학 계열 범위 : 한국에 대한 연구로 인문학적, 사회학적 그리고 전산학적으로 분석하고 연구하는 학문으로 한국사학, 고문헌관리학, 철학, 국어학, 국문학, 인류학, 민속학, 종교학, 음악학, 미술사학, 인문정보학, 인문지리학, 정치학, 경제학, 사회학, 윤리학, 교육학, 한국문화학 등2) 전 과정 (석사) 성적이 3.8/4.3이상(또는 4.0/4.5)으로 우수한 자※ 교내외 타 장학금과 중복수혜 불가 (정부 및 소속대학 등 기타 사설장학재단의 장학금을 수혜할 경우 장학 혜택 취소 및 장학금을 전부 또는 일부 반환하여야 함에 유의)3) 봉사정신이 충만하여 장차 미래학자로 성장할 수 있는 유능한 학생4) 경제적 도움이 필요한 학생3. 장학금액 : 학기당 500만원(4학기)4. 지원방법지원하고자 하는 학생이 개별적으로 아래 제출서류 일체를2023.1.20.(금) 오후 3시까지문과대학 사무실 장학담당자 앞으로 접수※ 모든 서류는 출력본(원본)으로 제출하여야 함.※ 방문 또는 등기제출: 서울특별시 서대문구 연세로 50, 연세대학교 외솔관 101-1호5. 제출서류1) 용운장학생 신청서(소정양식) 1부2) 지도교수 추천서(소정양식) 1부3) 자기소개서(소정양식) 1부4) 개인정보‧수집‧제공 동의서(소정양식) 1부5) 출신대학교 전 학년 (학부 및 석사과정) 성적증명서 각 1부.6) 학업 또는 연구계획서(자유양식) 1부.7) 여권사본 혹은 외국인등록증 사본 1부.8) 증명사진(3X4) 3매기타 자세한 사항은 붙임 양식 및 재단 홈페이지 등(http://www.yongwoon.co.kr, 담당자 02-449-0091)을 참고하여 주시기 바랍니다. (문과대 문의: 장학담당자 02-2123-2253)"
사학과,2023년 제1차 서대문구 대학생 임대주택 입사생 모집공고,2022.12.23,https://history.yonsei.ac.kr/histroy/02_announce/notice.do?mode=view&articleNo=156754&article.offset=40&articleLimit=10,"안녕하세요 사학과 사무실입니다.문과대학으로부터 2023년 제 1차 서대문구 대학생 임대주택 입사생 모집공고를 전달받아이를 공지드립니다.자세한 사항은 아래 내용을 참고해주시면 감사드리겠습니다.감사합니다.------------------------------------------------------------------------------[2023년 제1차 서대문구 대학생 임대주택 입사생 모집공고]1. 건물명:서대문구 꿈꾸는 다락방 (홍제동, 천연동 2개소)2. 건물위치:서대문구 통일로20길 35-3(홍제동), 독립문로8길 19(천연동)3. 신청대상:서대문구 소재 대학에 재학 중인 학생 또는 입학 예정자※ 대학원생은 신청대상 제외4. 모집인원:00명 (2인실)① 홍제동 꿈꾸는 다락방: 0명(남학생)② 천연동 꿈꾸는 다락방: 00명(남·여 학생)5. 신청 방법① 서대문구 평생학습센터(lll.sdm.go.kr)에 회원가입② 팝업존에서 '교육콘텐츠 대학생 임대주택' 배너 클릭→ 우측 상단 '대학생 임대주택' 클릭→ 신청하기 클릭하여 입사신청(2023년 1차)작성 (☎ 문의: 교육지원과 02-330-8190)※ 재학증명서 등 제반서류는 입사생으로 선정된 후에 제출6. 신청기간:2022. 12. 26.(월) ~ 2023. 1. 20.(금)7. 입사생 발표:2023. 2월 초 예정(개별통보)8. 입사일:2023. 2월 말 이후 협의한 날짜9. 임대기간:계약일로부터 2년 (단, 재학생 신분을 유지하는 경우에 한하여, 2년 연장 가능)10. 입사부담금(2인실 기준):보증금 1백만원, 월 임대료 5만원(전기, 수도, 난방비 등 별도)11. 입사생 선발 평점기준:저소득층 학생 우선 선발 등12. 입사 조건-천연동 꿈꾸는 다락방 입사자의 경우수강신청, 아르바이트 일정 등을 조정하여* 관내 사회기여 활동, **교육지원과 청년 관련 교육 이수 의무시간 충족 필수* 사회기여활동(관내 봉사활동) 의무 이행 시간: 학기당 24시간** 교육지원과 청년대상 관련 교육 이수 시간: 학기당 8시간※ 홍제동 꿈꾸는 다락방의 경우 입지조건 및 건물 노후 등으로 봉사활동 의무 조건 없음- 서대문구 대학생 입대주택 공급 및 지원 조례 제6조제2항에 따라 입사 후 서대문구 거주지 등록이 되어 있어야 함(전입신고 필수)★ 유의사항★1) 이 주택은 양도, 전대할 수 없으며 임차권 또한 양도 할 수 없음.2) 이 주택은 분양을 전제로 하지 않는 임대주택으로, 최초 입대기간 경과시 2년 이내의 범위에서 1회까지 기간 연장이 가능하며 매년 5% 범위 내에서 임대보증금 및 임대료 인상될 수 있음."
사학과,2023-1 석사→석박사통합과정 변경 신청 안내,2022.12.23,https://history.yonsei.ac.kr/histroy/02_announce/notice.do?mode=view&articleNo=156730&article.offset=40&articleLimit=10,"2023학년도 1학기 석사과정에서 석·박사통합과정으로의 학위과정 변경을 다음과 같이 시행하고자 하오니 참고하시길 바랍니다.*일정:1/16(월)까지 신청구 분일 정비 고학생 신청 기간2022. 12. 16.(금) 09:00 ~ 2023. 1. 16.(월) 17:00붙임 3을 참고, 포탈로 신청학과 접수 및 결재~ 2023. 1. 19.(목)대학원장 승인2023. 1. 26.(목) 예정승인자 통보2023. 1. 31.(화) 예정대학원 → 각 대학* 신청 자격요건- 붙임 1의 제3조(학위과정 변경절차 및 신청자격) 참조- 2022-2학기 재학생만 신청 가능**선발인원: 지원자의 입학년도 및 캠퍼스별 박사학위과정 잔여정원 범위 내에서 정원, 접수인원, 학점등을종합적으로 고려하여 대상자를 선발 예정"
사학과,2023-2024 중국 정부초청 장학생 선발 모집,2022.12.12,https://history.yonsei.ac.kr/histroy/02_announce/notice.do?mode=view&articleNo=155959&article.offset=40&articleLimit=10,"안녕하세요. 사학과 사무실입니다.2023-2024 중국 정부초청 장학생 선발 모집을 다음과 같이 안내드립니다.가. 선발과정: 대학원(석사, 박사)나. 선발인원: 26명   * 예비후보 4명 별도다. 장학금 지원내역: 학비, 생활비 등   * 항공료는 개인 부담라. 지원방법: 온라인 지원 완료 후, 국립국제교육원에 제출서류 이메일 송부1) 온라인 지원:http://www.campuschina.org2) 이메일: niied1382@korea.kr3) 지원마감일시: 2023.1.27.(금) 18:00 까지※ 선발요강 등 세부사항은 [붙임] 문서 참조.※ 지원 전 반드시 선발요강을 숙지한 후 지원 할 것.자세한 사항은 첨부 파일을 확인해주시면 감사드리겠습니다.감사합니다."
